회차,추첨일,1번,2번,3번,4번,5번,6번,보너스,합계,조합개수,조합위치,%,1-9,10-19,20-29,30-39,40-45
1,02-12-07,10,23,29,33,37,40,16,172,"58,453","30,607",52.36%,0,1,2,2,1
2,02-12-14,9,13,21,25,32,42,2,142,"104,836","80,685",76.96%,1,1,2,1,1
3,02-12-21,11,16,19,21,27,31,30,125,"97,063","93,924",96.77%,0,3,2,1,0
4,02-12-28,14,27,30,31,40,42,2,184,"35,060","20,803",59.34%,0,1,1,2,2
5,03-01-04,16,24,29,40,41,42,3,192,"22,581","12,384",54.84%,0,1,2,0,3
6,03-01-11,14,15,26,27,40,42,34,164,"74,963","61,098",81.50%,0,2,2,0,2
7,03-01-18,2,9,16,25,26,40,42,118,"86,315","24,783",28.71%,2,1,2,0,1
8,03-01-25,8,19,25,34,37,39,9,162,"78,907","40,104",50.82%,1,1,1,3,0
9,03-02-01,2,4,16,17,36,39,14,114,"78,907","18,157",23.01%,2,2,0,2,0
10,03-02-08,9,25,30,33,41,44,6,182,"38,638","12,719",32.92%,1,0,1,2,2
11,03-02-15,1,7,36,37,41,42,14,164,"74,963",355,0.47%,2,0,0,2,2
12,03-02-22,2,11,21,25,39,45,44,143,"104,387","15,811",15.15%,1,1,2,1,1
13,03-03-01,22,23,25,37,38,42,26,187,"30,036","27,737",92.35%,0,0,3,2,1
14,03-03-08,2,6,12,31,33,40,15,124,"95,721","19,525",20.40%,2,1,0,2,1
15,03-03-15,3,4,16,30,31,37,13,121,"91,344","30,505",33.40%,2,1,0,3,0
16,03-03-22,6,7,24,37,38,40,33,152,"95,721","39,507",41.27%,2,0,1,2,1
17,03-03-29,3,4,9,17,32,37,1,102,"54,316","24,787",45.63%,3,1,0,2,0
18,03-04-05,3,12,13,19,32,35,29,114,"78,907","38,853",49.24%,1,3,0,2,0
19,03-04-12,6,30,38,39,40,43,26,196,"17,534","1,527",8.71%,1,0,0,3,2
20,03-04-19,10,14,18,20,23,30,41,115,"80,848","78,694",97.34%,0,3,2,1,0
21,03-04-26,6,12,17,18,31,32,21,116,"82,701","65,592",79.31%,1,3,0,2,0
22,03-05-03,4,5,6,8,17,39,25,79,"16,411","12,750",77.69%,4,1,0,1,0
23,03-05-10,5,13,17,18,33,42,44,128,"100,480","60,622",60.33%,1,3,0,1,1
24,03-05-17,7,8,27,29,36,43,6,150,"98,273","50,612",51.50%,2,0,2,1,1
25,03-05-24,2,4,21,26,43,44,16,140,"105,474","12,571",11.92%,2,0,2,0,2
26,03-05-31,4,5,7,18,20,25,31,79,"16,411","12,995",79.18%,3,1,2,0,0
27,03-06-07,1,20,26,28,37,43,27,155,"91,344","5,545",6.07%,1,0,3,1,1
28,03-06-14,9,18,23,25,35,37,1,147,"101,478","75,888",74.78%,1,1,2,2,0
29,03-06-21,1,5,13,34,39,40,11,132,"103,784","2,882",2.78%,2,1,0,2,1
30,03-06-28,8,17,20,35,36,44,4,160,"82,701","43,076",52.09%,1,1,1,2,1
31,03-07-05,7,9,18,23,28,35,32,120,"89,714","72,061",80.32%,2,1,2,1,0
32,03-07-12,6,14,19,25,34,44,11,142,"104,836","58,566",55.86%,1,2,1,1,1
33,03-07-19,4,7,32,33,40,41,9,157,"88,068","19,596",22.25%,2,0,0,2,2
34,03-07-26,9,26,35,37,40,42,2,189,"26,912","6,493",24.13%,1,0,1,2,2
35,03-08-02,2,3,11,26,37,43,39,122,"92,858","15,800",17.02%,2,1,1,1,1
36,03-08-09,1,10,23,26,28,40,31,128,"100,480","9,621",9.58%,1,1,3,0,1
37,03-08-16,7,27,30,33,35,37,42,169,"64,728","24,727",38.20%,1,0,1,4,0
38,03-08-23,16,17,22,30,37,43,36,165,"72,974","65,120",89.24%,0,2,1,2,1
39,03-08-30,6,7,13,15,21,43,8,105,"60,559","49,527",81.78%,2,2,1,0,1
40,03-09-06,7,13,18,19,25,26,6,108,"66,787","60,804",91.04%,1,3,2,0,0
41,03-09-13,13,20,23,35,38,43,34,172,"58,453","40,368",69.06%,0,1,2,2,1
42,03-09-20,17,18,19,21,23,32,1,130,"102,324","102,262",99.94%,0,3,2,1,0
43,03-09-27,6,31,35,38,39,44,1,193,"21,255","2,355",11.08%,1,0,0,4,1
44,03-10-04,3,11,21,30,38,45,39,148,"100,480","21,719",21.62%,1,1,1,2,1
45,03-10-11,1,10,20,27,33,35,17,126,"98,273","10,081",10.26%,1,1,2,2,0
46,03-10-18,8,13,15,23,31,38,39,128,"100,480","83,450",83.05%,1,2,1,2,0
47,03-10-25,14,17,26,31,36,45,27,169,"64,728","49,848",77.01%,0,2,1,2,1
48,03-11-01,6,10,18,26,37,38,3,135,"105,237","63,136",59.99%,1,2,1,2,0
49,03-11-08,4,7,16,19,33,40,30,119,"88,068","45,770",51.97%,2,2,0,1,1
50,03-11-15,2,10,12,15,22,44,1,105,"60,559","23,691",39.12%,1,3,1,0,1
51,03-11-22,2,3,11,16,26,44,35,102,"54,316","14,248",26.23%,2,2,1,0,1
52,03-11-29,2,4,15,16,20,29,1,86,"25,407","10,700",42.11%,2,2,2,0,0
53,03-12-06,7,8,14,32,33,39,42,133,"104,387","70,532",67.57%,2,1,0,3,0
54,03-12-13,1,8,21,27,36,39,37,132,"103,784","6,273",6.04%,2,0,2,2,0
55,03-12-20,17,21,31,37,40,44,7,190,"25,407","16,086",63.31%,0,1,1,2,2
56,03-12-27,10,14,30,31,33,37,19,155,"91,344","64,079",70.15%,0,2,0,4,0
57,04-01-03,7,10,16,25,29,44,6,131,"103,129","73,879",71.64%,1,2,2,0,1
58,04-01-10,10,24,25,33,40,44,1,176,"50,236","23,433",46.65%,0,1,2,1,2
59,04-01-17,6,29,36,39,41,45,13,196,"17,534","1,473",8.40%,1,0,1,2,2
60,04-01-24,2,8,25,36,39,42,11,152,"95,721","9,267",9.68%,2,0,1,2,1
61,04-01-31,14,15,19,30,38,43,8,159,"84,560","72,642",85.91%,0,3,0,2,1
62,04-02-07,3,8,15,27,29,35,21,117,"84,560","36,053",42.64%,2,1,2,1,0
63,04-02-14,3,20,23,36,38,40,5,160,"82,701","14,874",17.99%,1,0,2,2,1
64,04-02-21,14,15,18,21,26,36,39,130,"102,324","101,164",98.87%,0,3,2,1,0
65,04-02-28,4,25,33,36,40,43,39,181,"40,505","4,602",11.36%,1,0,1,2,2
66,04-03-06,2,3,7,17,22,24,45,75,"12,368","5,313",42.96%,3,1,2,0,0
67,04-03-13,3,7,10,15,36,38,33,109,"68,878","32,433",47.09%,2,2,0,2,0
68,04-03-20,10,12,15,16,26,39,38,118,"86,315","82,463",95.54%,0,4,1,1,0
69,04-03-27,5,8,14,15,19,39,35,100,"50,236","40,228",80.08%,2,3,0,1,0
70,04-04-03,5,19,22,25,28,43,26,142,"104,836","52,018",49.62%,1,1,3,0,1
71,04-04-10,5,9,12,16,29,41,21,112,"74,963","53,292",71.09%,2,2,1,0,1
72,04-04-17,2,4,11,17,26,27,1,87,"26,912","10,912",40.55%,2,2,2,0,0
73,04-04-24,3,12,18,32,40,43,38,148,"100,480","22,200",22.09%,1,2,0,1,2
74,04-05-01,6,15,17,18,35,40,23,131,"103,129","69,649",67.54%,1,3,0,1,1
75,04-05-08,2,5,24,32,34,44,28,141,"105,237","12,959",12.31%,2,0,1,2,1
76,04-05-15,1,3,15,22,25,37,43,103,"56,399","3,512",6.23%,2,1,2,1,0
77,04-05-22,2,18,29,32,43,44,37,168,"66,787","4,697",7.03%,1,1,1,1,2
78,04-05-29,10,13,25,29,33,35,38,145,"103,129","82,360",79.86%,0,2,2,2,0
79,04-06-05,3,12,24,27,30,32,14,128,"100,480","38,255",38.07%,1,1,2,2,0
80,04-06-12,17,18,24,25,26,30,1,140,"105,474","105,168",99.71%,0,2,3,1,0
81,04-06-19,5,7,11,13,20,33,6,89,"30,036","25,817",85.95%,2,2,1,1,0
82,04-06-26,1,2,3,14,27,42,39,89,"30,036",84,0.28%,3,1,1,0,1
83,04-07-03,6,10,15,17,19,34,14,101,"52,286","46,216",88.39%,1,4,0,1,0
84,04-07-10,16,23,27,34,42,45,11,187,"30,036","19,187",63.88%,0,1,2,1,2
85,04-07-17,6,8,13,23,31,36,21,117,"84,560","62,647",74.09%,2,1,1,2,0
86,04-07-24,2,12,37,39,41,45,33,176,"50,236","1,889",3.76%,1,1,0,2,2
87,04-07-31,4,12,16,23,34,43,26,132,"103,784","47,128",45.41%,1,2,1,1,1
88,04-08-07,1,17,20,24,30,41,27,133,"104,387","12,681",12.15%,1,1,2,1,1
89,04-08-14,4,26,28,29,33,40,37,160,"82,701","22,044",26.66%,1,0,3,1,1
90,04-08-21,17,20,29,35,38,44,10,183,"36,847","27,583",74.86%,0,1,2,2,1
91,04-08-28,1,21,24,26,29,42,27,143,"104,387","10,412",9.97%,1,0,4,0,1
92,04-09-04,3,14,24,33,35,36,17,145,"103,129","26,634",25.83%,1,1,1,3,0
93,04-09-11,6,22,24,36,38,44,19,170,"62,621","18,398",29.38%,1,0,2,2,1
94,04-09-18,5,32,34,40,41,45,6,197,"16,411","1,031",6.28%,1,0,0,2,3
95,04-09-25,8,17,27,31,34,43,14,160,"82,701","43,350",52.42%,1,1,1,2,1
96,04-10-02,1,3,8,21,22,31,20,86,"25,407","2,618",10.30%,3,0,2,1,0
97,04-10-09,6,7,14,15,20,36,3,98,"46,247","40,065",86.63%,2,2,1,1,0
98,04-10-16,6,9,16,23,24,32,43,110,"70,911","57,734",81.42%,2,1,2,1,0
99,04-10-23,1,3,10,27,29,37,11,107,"64,728","2,736",4.23%,2,1,2,1,0
100,04-10-30,1,7,11,23,37,42,6,121,"91,344","7,086",7.76%,2,1,1,1,1
101,04-11-06,1,3,17,32,35,45,8,133,"104,387","1,122",1.07%,2,1,0,2,1
102,04-11-13,17,22,24,26,35,40,42,164,"74,963","71,288",95.10%,0,1,3,1,1
103,04-11-20,5,14,15,27,30,45,10,136,"105,474","55,816",52.92%,1,2,1,1,1
104,04-11-27,17,32,33,34,42,44,35,202,"11,466","4,964",43.29%,0,1,0,3,2
105,04-12-04,8,10,20,34,41,45,28,158,"86,315","43,875",50.83%,1,1,1,1,2
106,04-12-11,4,10,12,22,24,33,29,105,"60,559","41,335",68.26%,1,2,2,1,0
107,04-12-18,1,4,5,6,9,31,17,56,"2,172",741,34.12%,5,0,0,1,0
108,04-12-25,7,18,22,23,29,44,12,143,"104,387","67,869",65.02%,1,1,3,0,1
109,05-01-01,1,5,34,36,42,44,33,162,"78,907",247,0.31%,2,0,0,2,2
110,05-01-08,7,20,22,23,29,43,1,144,"103,784","66,928",64.49%,1,0,4,0,1
111,05-01-15,7,18,31,33,36,40,27,165,"72,974","29,182",39.99%,1,1,0,3,1
112,05-01-22,26,29,30,33,41,42,43,201,"12,368","11,805",95.45%,0,0,2,2,2
113,05-01-29,4,9,28,33,36,45,26,155,"91,344","22,134",24.23%,2,0,1,2,1
114,05-02-05,11,14,19,26,28,41,2,139,"105,661","94,595",89.53%,0,3,2,0,1
115,05-02-12,1,2,6,9,25,28,31,71,"9,079",590,6.50%,4,0,2,0,0
116,05-02-19,2,4,25,31,34,37,17,133,"104,387","15,408",14.76%,2,0,1,3,0
117,05-02-26,5,10,22,34,36,44,35,151,"97,063","34,705",35.76%,1,1,1,2,1
118,05-03-05,3,4,10,17,19,22,38,75,"12,368","8,509",68.80%,2,3,1,0,0
119,05-03-12,3,11,13,14,17,21,38,79,"16,411","12,708",77.44%,1,4,1,0,0
120,05-03-19,4,6,10,11,32,37,30,100,"50,236","33,069",65.83%,2,2,0,2,0
121,05-03-26,12,28,30,34,38,43,9,185,"33,351","15,341",46.00%,0,1,1,3,1
122,05-04-02,1,11,16,17,36,40,8,121,"91,344","11,933",13.06%,1,3,0,1,1
123,05-04-09,7,17,18,28,30,45,27,145,"103,129","64,203",62.26%,1,2,1,1,1
124,05-04-16,4,16,23,25,29,42,1,139,"105,661","44,272",41.90%,1,1,3,0,1
125,05-04-23,2,8,32,33,35,36,18,146,"102,324","12,500",12.22%,2,0,0,4,0
126,05-04-30,7,20,22,27,40,43,1,159,"84,560","40,321",47.68%,1,0,3,0,2
127,05-05-07,3,5,10,29,32,43,35,122,"92,858","31,235",33.64%,2,1,1,1,1
128,05-05-14,12,30,34,36,37,45,39,194,"19,955","6,352",31.83%,0,1,0,4,1
129,05-05-21,19,23,25,28,38,42,17,175,"52,286","48,994",93.70%,0,1,3,1,1
130,05-05-28,7,19,24,27,42,45,31,164,"74,963","31,003",41.36%,1,1,2,0,2
131,05-06-04,8,10,11,14,15,21,37,79,"16,411","16,351",99.63%,1,4,1,0,0
132,05-06-11,3,17,23,34,41,45,43,163,"76,974","11,401",14.81%,1,1,1,1,2
133,05-06-18,4,7,15,18,23,26,13,93,"36,847","27,657",75.06%,2,2,2,0,0
134,05-06-25,3,12,20,23,31,35,43,124,"95,721","39,538",41.31%,1,1,2,2,0
135,05-07-02,6,14,22,28,35,39,16,144,"103,784","55,950",53.91%,1,1,2,2,0
136,05-07-09,2,16,30,36,41,42,11,167,"68,878","4,724",6.86%,1,1,0,2,2
137,05-07-16,7,9,20,25,36,39,15,136,"105,474","69,776",66.15%,2,0,2,2,0
138,05-07-23,10,11,27,28,37,39,19,152,"95,721","68,344",71.40%,0,2,2,2,0
139,05-07-30,9,11,15,20,28,43,13,126,"98,273","86,327",87.84%,1,2,2,0,1
140,05-08-06,3,13,17,18,19,28,8,98,"46,247","29,283",63.32%,1,4,1,0,0
141,05-08-13,8,12,29,31,42,43,2,165,"72,974","31,985",43.83%,1,1,1,1,2
142,05-08-20,12,16,30,34,40,44,19,176,"50,236","27,816",55.37%,0,2,0,2,2
143,05-08-27,26,27,28,42,43,45,8,211,"5,415","4,191",77.40%,0,0,3,0,3
144,05-09-03,4,15,17,26,36,37,43,135,"105,237","47,064",44.72%,1,2,1,2,0
145,05-09-10,2,3,13,20,27,44,9,109,"68,878","15,830",22.98%,2,1,2,0,1
146,05-09-17,2,19,27,35,41,42,25,166,"70,911","5,773",8.14%,1,1,1,1,2
147,05-09-24,4,6,13,21,40,42,36,126,"98,273","43,441",44.20%,2,1,1,0,2
148,05-10-01,21,25,33,34,35,36,17,184,"35,060","32,874",93.76%,0,0,2,4,0
149,05-10-08,2,11,21,34,41,42,27,151,"97,063","10,921",11.25%,1,1,1,1,2
150,05-10-15,2,18,25,28,37,39,16,149,"99,446","15,969",16.06%,1,1,2,2,0
151,05-10-22,1,2,10,13,18,19,15,63,"4,490",688,15.32%,2,4,0,0,0
152,05-10-29,1,5,13,26,29,34,43,108,"66,787","6,376",9.55%,2,1,2,1,0
153,05-11-05,3,8,11,12,13,36,33,83,"21,255","15,358",72.26%,2,3,0,1,0
154,05-11-12,6,19,21,35,40,45,20,166,"70,911","22,923",32.33%,1,1,1,1,2
155,05-11-19,16,19,20,32,33,41,4,161,"80,848","75,287",93.12%,0,2,1,2,1
156,05-11-26,5,18,28,30,42,45,2,168,"66,787","15,950",23.88%,1,1,1,1,2
157,05-12-03,19,26,30,33,35,39,37,182,"38,638","34,398",89.03%,0,1,1,4,0
158,05-12-10,4,9,13,18,21,34,7,99,"48,250","35,023",72.59%,2,2,1,1,0
159,05-12-17,1,18,30,41,42,43,32,175,"52,286",452,0.86%,1,1,0,1,3
160,05-12-24,3,7,8,34,39,41,1,132,"103,784","30,253",29.15%,3,0,0,2,1
161,05-12-31,22,34,36,40,42,45,44,219,"2,432",727,29.89%,0,0,1,2,3
162,06-01-07,1,5,21,25,38,41,24,131,"103,129","3,482",3.38%,2,0,2,1,1
163,06-01-14,7,11,26,28,29,44,16,145,"103,129","60,692",58.85%,1,1,3,0,1
164,06-01-21,6,9,10,11,39,41,27,116,"82,701","62,554",75.64%,2,2,0,1,1
165,06-01-28,5,13,18,19,22,42,31,119,"88,068","60,672",68.89%,1,3,1,0,1
166,06-02-04,9,12,27,36,39,45,14,168,"66,787","31,075",46.53%,1,1,1,2,1
167,06-02-11,24,27,28,30,36,39,4,184,"35,060","34,762",99.15%,0,0,3,3,0
168,06-02-18,3,10,31,40,42,43,30,169,"64,728","6,532",10.09%,1,1,0,1,3
169,06-02-25,16,27,35,37,43,45,19,203,"10,632","3,522",33.13%,0,1,1,2,2
170,06-03-04,2,11,13,15,31,42,10,114,"78,907","26,334",33.37%,1,3,0,1,1
171,06-03-11,4,16,25,29,34,35,1,143,"104,387","39,988",38.31%,1,1,2,2,0
172,06-03-18,4,19,21,24,26,41,35,135,"105,237","48,789",46.36%,1,1,3,0,1
173,06-03-25,3,9,24,30,33,34,18,133,"104,387","32,657",31.28%,2,0,1,3,0
174,06-04-01,13,14,18,22,35,39,16,141,"105,237","98,911",93.99%,0,3,1,2,0
175,06-04-08,19,26,28,31,33,36,17,173,"56,399","53,984",95.72%,0,1,2,3,0
176,06-04-15,4,17,30,32,33,34,15,150,"98,273","31,984",32.55%,1,1,0,4,0
177,06-04-22,1,10,13,16,37,43,6,120,"89,714","10,892",12.14%,1,3,0,1,1
178,06-04-29,1,5,11,12,18,23,9,70,"8,359","2,792",33.40%,2,3,1,0,0
179,06-05-06,5,9,17,25,39,43,32,138,"105,690","49,791",47.11%,2,1,1,1,1
180,06-05-13,2,15,20,21,29,34,22,121,"91,344","28,874",31.61%,1,1,3,1,0
181,06-05-20,14,21,23,32,40,45,44,175,"52,286","37,062",70.88%,0,1,2,1,2
182,06-05-27,13,15,27,29,34,40,35,158,"86,315","71,848",83.24%,0,2,2,1,1
183,06-06-03,2,18,24,34,40,42,5,160,"82,701","8,555",10.34%,1,1,1,1,2
184,06-06-10,1,2,6,16,20,33,41,78,"15,316",724,4.73%,3,1,1,1,0
185,06-06-17,1,2,4,8,19,38,14,72,"9,825",256,2.61%,4,1,0,1,0
186,06-06-24,4,10,14,19,21,45,9,113,"76,974","47,145",61.25%,1,3,1,0,1
187,06-07-01,1,2,8,18,29,38,42,96,"42,375",922,2.18%,3,1,1,1,0
188,06-07-08,19,24,27,30,31,34,36,165,"72,974","71,808",98.40%,0,1,2,3,0
189,06-07-15,8,14,32,35,37,45,28,171,"60,559","22,699",37.48%,1,1,0,3,1
190,06-07-22,8,14,18,30,31,44,15,145,"103,129","70,035",67.91%,1,2,0,2,1
191,06-07-29,5,6,24,25,32,37,8,129,"101,478","53,560",52.78%,2,0,2,2,0
192,06-08-05,4,8,11,18,37,45,33,123,"94,355","46,380",49.15%,2,2,0,1,1
193,06-08-12,6,14,18,26,36,39,13,139,"105,661","62,343",59.00%,1,2,1,2,0
194,06-08-19,15,20,23,26,39,44,28,167,"68,878","58,886",85.49%,0,1,3,1,1
195,06-08-26,7,10,19,22,35,40,31,133,"104,387","73,022",69.95%,1,2,1,1,1
196,06-09-02,35,36,37,41,44,45,30,238,163,134,82.21%,0,0,0,3,3
197,06-09-09,7,12,16,34,42,45,4,156,"89,714","42,095",46.92%,1,2,0,1,2
198,06-09-16,12,19,20,25,41,45,2,162,"78,907","59,856",75.86%,0,2,2,0,2
199,06-09-23,14,21,22,25,30,36,43,148,"100,480","96,033",95.57%,0,1,3,2,0
200,06-09-30,5,6,13,14,17,20,7,75,"12,368","11,453",92.60%,2,3,1,0,0
201,06-10-07,3,11,24,38,39,44,26,159,"84,560","12,680",15.00%,1,1,1,2,1
202,06-10-14,12,14,27,33,39,44,17,169,"64,728","41,680",64.39%,0,2,1,2,1
203,06-10-21,1,3,11,24,30,32,7,101,"52,286","3,150",6.02%,2,1,1,2,0
204,06-10-28,3,12,14,35,40,45,5,149,"99,446","21,188",21.31%,1,2,0,1,2
205,06-11-04,1,3,21,29,35,37,30,126,"98,273","2,066",2.10%,2,0,2,2,0
206,06-11-11,1,2,3,15,20,25,43,66,"5,923",166,2.80%,3,1,2,0,0
207,06-11-18,3,11,14,31,32,37,38,128,"100,480","36,735",36.56%,1,2,0,3,0
208,06-11-25,14,25,31,34,40,44,24,188,"28,434","14,583",51.29%,0,1,1,2,2
209,06-12-02,2,7,18,20,24,33,37,104,"58,453","21,279",36.40%,2,1,2,1,0
210,06-12-09,10,19,22,23,25,37,39,136,"105,474","94,236",89.35%,0,2,3,1,0
211,06-12-16,12,13,17,20,33,41,8,136,"105,474","98,480",93.37%,0,3,1,1,1
212,06-12-23,11,12,18,21,31,38,8,131,"103,129","95,605",92.70%,0,3,1,2,0
213,06-12-30,2,3,4,5,20,24,42,58,"2,702","1,357",50.22%,4,0,2,0,0
214,07-01-06,5,7,20,25,28,37,32,122,"92,858","55,909",60.21%,2,0,3,1,0
215,07-01-13,2,3,7,15,43,44,4,114,"78,907","15,577",19.74%,3,1,0,0,2
216,07-01-20,7,16,17,33,36,40,1,149,"99,446","56,914",57.23%,1,2,0,2,1
217,07-01-27,16,20,27,33,35,39,38,170,"62,621","54,384",86.85%,0,1,2,3,0
218,07-02-03,1,8,14,18,29,44,20,114,"78,907","9,867",12.50%,2,2,1,0,1
219,07-02-10,4,11,20,26,35,37,16,133,"104,387","45,882",43.95%,1,1,2,2,0
220,07-02-17,5,11,19,21,34,43,31,133,"104,387","56,304",53.94%,1,2,1,1,1
221,07-02-24,2,20,33,35,37,40,10,167,"68,878","5,681",8.25%,1,0,1,3,1
222,07-03-03,5,7,28,29,39,43,44,151,"97,063","33,396",34.41%,2,0,2,1,1
223,07-03-10,1,3,18,20,26,27,38,95,"40,505","3,702",9.14%,2,1,3,0,0
224,07-03-17,4,19,26,27,30,42,7,148,"100,480","35,287",35.12%,1,1,2,1,1
225,07-03-24,5,11,13,19,31,36,7,115,"80,848","57,112",70.64%,1,3,0,2,0
226,07-03-31,2,6,8,14,21,22,34,73,"10,632","6,355",59.77%,3,1,2,0,0
227,07-04-07,4,5,15,16,22,42,2,104,"58,453","35,740",61.14%,2,2,1,0,1
228,07-04-14,17,25,35,36,39,44,23,196,"17,534","9,369",53.43%,0,1,1,3,1
229,07-04-21,4,5,9,11,23,38,35,90,"31,656","22,523",71.15%,3,1,1,1,0
230,07-04-28,5,11,14,29,32,33,12,124,"95,721","59,772",62.44%,1,2,1,2,0
231,07-05-05,5,10,19,31,44,45,27,154,"92,858","30,585",32.94%,1,2,0,1,2
232,07-05-12,8,9,10,12,24,44,35,107,"64,728","59,464",91.87%,2,2,1,0,1
233,07-05-19,4,6,13,17,28,40,39,108,"66,787","39,840",59.65%,2,2,1,0,1
234,07-05-26,13,21,22,24,26,37,4,143,"104,387","99,514",95.33%,0,1,4,1,0
235,07-06-02,21,22,26,27,31,37,8,164,"74,963","74,636",99.56%,0,0,4,2,0
236,07-06-09,1,4,8,13,37,39,7,102,"54,316","4,302",7.92%,3,1,0,2,0
237,07-06-16,1,11,17,21,24,44,33,118,"86,315","12,618",14.62%,1,2,2,0,1
238,07-06-23,2,4,15,28,31,34,35,114,"78,907","18,146",23.00%,2,1,1,2,0
239,07-06-30,11,15,24,39,41,44,7,174,"54,316","28,113",51.76%,0,2,1,1,2
240,07-07-07,6,10,16,40,41,43,21,156,"89,714","34,641",38.61%,1,2,0,0,3
241,07-07-14,2,16,24,27,28,35,21,132,"103,784","26,103",25.15%,1,1,3,1,0
242,07-07-21,4,19,20,21,32,34,43,130,"102,324","51,789",50.61%,1,1,2,2,0
243,07-07-28,2,12,17,19,28,42,34,120,"89,714","27,247",30.37%,1,3,1,0,1
244,07-08-04,13,16,25,36,37,38,19,165,"72,974","55,602",76.19%,0,2,1,3,0
245,07-08-11,9,11,27,31,32,38,22,148,"100,480","69,938",69.60%,1,1,1,3,0
246,07-08-18,13,18,21,23,26,39,15,140,"105,474","101,392",96.13%,0,2,3,1,0
247,07-08-25,12,15,28,36,39,40,13,170,"62,621","39,831",63.61%,0,2,1,2,1
248,07-09-01,3,8,17,23,38,45,13,134,"104,836","30,528",29.12%,2,1,1,1,1
249,07-09-08,3,8,27,31,41,44,11,154,"92,858","15,542",16.74%,2,0,1,1,2
250,07-09-15,19,23,30,37,43,45,38,197,"16,411","10,202",62.17%,0,1,1,2,2
251,07-09-22,6,7,19,25,28,38,45,123,"94,355","64,266",68.11%,2,1,2,1,0
252,07-09-29,14,23,26,31,39,45,28,178,"46,247","31,200",67.46%,0,1,2,2,1
253,07-10-06,8,19,25,31,34,36,33,153,"94,355","58,385",61.88%,1,1,1,3,0
254,07-10-13,1,5,19,20,24,30,27,99,"48,250","6,920",14.34%,2,1,2,1,0
255,07-10-20,1,5,6,24,27,42,32,105,"60,559","5,581",9.22%,3,0,2,0,1
256,07-10-27,4,11,14,21,23,43,32,116,"82,701","49,156",59.44%,1,2,2,0,1
257,07-11-03,6,13,27,31,32,37,4,146,"102,324","52,457",51.27%,1,1,1,3,0
258,07-11-10,14,27,30,31,38,40,17,180,"42,375","27,953",65.97%,0,1,1,3,1
259,07-11-17,4,5,14,35,42,45,34,145,"103,129","30,063",29.15%,2,1,0,1,2
260,07-11-24,7,12,15,24,37,40,43,135,"105,237","73,071",69.43%,1,2,1,1,1
261,07-12-01,6,11,16,18,31,43,2,125,"97,063","68,460",70.53%,1,3,0,1,1
262,07-12-08,9,12,24,25,29,31,36,130,"102,324","88,453",86.44%,1,1,3,1,0
263,07-12-15,1,27,28,32,37,40,18,165,"72,974","3,782",5.18%,1,0,2,2,1
264,07-12-22,9,16,27,36,41,44,5,173,"56,399","23,419",41.52%,1,1,1,1,2
265,07-12-29,5,9,34,37,38,39,12,162,"78,907","20,645",26.16%,2,0,0,4,0
266,08-01-05,3,4,9,11,22,42,37,91,"33,351","18,011",54.00%,3,1,1,0,1
267,08-01-12,7,8,24,34,36,41,1,150,"98,273","50,516",51.40%,2,0,1,2,1
268,08-01-19,3,10,19,24,32,45,12,133,"104,387","33,298",31.90%,1,2,1,1,1
269,08-01-26,5,18,20,36,42,43,32,164,"74,963","20,503",27.35%,1,1,1,1,2
270,08-02-02,5,9,12,20,21,26,27,93,"36,847","31,732",86.12%,2,1,3,0,0
271,08-02-09,3,8,9,27,29,40,36,116,"82,701","35,271",42.65%,3,0,2,0,1
272,08-02-16,7,9,12,27,39,43,28,137,"105,661","68,288",64.63%,2,1,1,1,1
273,08-02-23,1,8,24,31,34,44,6,142,"104,836","3,627",3.46%,2,0,1,2,1
274,08-03-01,13,14,15,26,35,39,25,142,"104,836","97,802",93.29%,0,3,1,2,0
275,08-03-08,14,19,20,35,38,40,26,166,"70,911","57,760",81.45%,0,2,1,2,1
276,08-03-15,4,15,21,33,39,41,25,153,"94,355","26,906",28.52%,1,1,1,2,1
277,08-03-22,10,12,13,15,25,29,20,104,"58,453","57,689",98.69%,0,4,2,0,0
278,08-03-29,3,11,37,39,41,43,13,174,"54,316","4,490",8.27%,1,1,0,2,2
279,08-04-05,7,16,31,36,37,38,11,165,"72,974","28,500",39.06%,1,1,0,4,0
280,08-04-12,10,11,23,24,36,37,35,141,"105,237","86,027",81.75%,0,2,2,2,0
281,08-04-19,1,3,4,6,14,41,12,69,"7,700","1,014",13.17%,4,1,0,0,1
282,08-04-26,2,5,10,18,31,32,30,98,"46,247","16,189",35.01%,2,2,0,2,0
283,08-05-03,6,8,18,31,38,45,42,146,"102,324","48,466",47.37%,2,1,0,2,1
284,08-05-10,2,7,15,24,30,45,28,123,"94,355","21,273",22.55%,2,1,1,1,1
285,08-05-17,13,33,37,40,41,45,2,209,"6,481",849,13.10%,0,1,0,2,3
286,08-05-24,1,15,19,40,42,44,17,161,"80,848","1,879",2.32%,1,2,0,0,3
287,08-05-31,6,12,24,27,35,37,41,141,"105,237","58,728",55.81%,1,1,2,2,0
288,08-06-07,1,12,17,28,35,41,10,134,"104,836","8,988",8.57%,1,2,1,1,1
289,08-06-14,3,14,33,37,38,42,10,167,"68,878","8,161",11.85%,1,1,0,3,1
290,08-06-21,8,13,18,32,39,45,7,155,"91,344","51,009",55.84%,1,2,0,2,1
291,08-06-28,3,7,8,18,20,42,45,98,"46,247","26,019",56.26%,3,1,1,0,1
292,08-07-05,17,18,31,32,33,34,10,165,"72,974","67,897",93.04%,0,2,0,4,0
293,08-07-12,1,9,17,21,29,33,24,110,"70,911","11,627",16.40%,2,1,2,1,0
294,08-07-19,6,10,17,30,37,38,40,138,"105,690","60,137",56.90%,1,2,0,3,0
295,08-07-26,1,4,12,16,18,38,8,89,"30,036","4,563",15.19%,2,3,0,1,0
296,08-08-02,3,8,15,27,30,45,44,128,"100,480","33,684",33.52%,2,1,1,1,1
297,08-08-09,6,11,19,20,28,32,34,116,"82,701","65,119",78.74%,1,2,2,1,0
298,08-08-16,5,9,27,29,37,40,19,147,"101,478","39,658",39.08%,2,0,2,1,1
299,08-08-23,1,3,20,25,36,45,24,130,"102,324","1,541",1.51%,2,0,2,1,1
300,08-08-30,7,9,10,12,26,38,39,102,"54,316","49,326",90.81%,2,2,1,1,0
301,08-09-06,7,11,13,33,37,43,26,144,"103,784","61,527",59.28%,1,2,0,2,1
302,08-09-13,13,19,20,32,38,42,4,164,"74,963","59,086",78.82%,0,2,1,2,1
303,08-09-20,2,14,17,30,38,45,43,146,"102,324","15,579",15.23%,1,2,0,2,1
304,08-09-27,4,10,16,26,33,41,38,130,"102,324","46,575",45.52%,1,2,1,1,1
305,08-10-04,7,8,18,21,23,39,9,116,"82,701","67,886",82.09%,2,1,2,1,0
306,08-10-11,4,18,23,30,34,41,19,150,"98,273","32,256",32.82%,1,1,1,2,1
307,08-10-18,5,15,21,23,25,45,12,134,"104,836","58,627",55.92%,1,1,3,0,1
308,08-10-25,14,15,17,19,37,45,40,147,"101,478","95,154",93.77%,0,4,0,1,1
309,08-11-01,1,2,5,11,18,36,22,73,"10,632",480,4.51%,3,2,0,1,0
310,08-11-08,1,5,19,28,34,41,16,128,"100,480","3,931",3.91%,2,1,1,1,1
311,08-11-15,4,12,24,27,28,32,10,127,"99,446","50,328",50.61%,1,1,3,1,0
312,08-11-22,2,3,5,6,12,20,25,48,811,534,65.84%,4,1,1,0,0
313,08-11-29,9,17,34,35,43,45,2,183,"36,847","10,698",29.03%,1,1,0,2,2
314,08-12-06,15,17,19,34,38,41,2,164,"74,963","64,844",86.50%,0,3,0,2,1
315,08-12-13,1,13,33,35,43,45,23,170,"62,621",447,0.71%,1,1,0,2,2
316,08-12-20,10,11,21,27,31,39,43,139,"105,661","88,031",83.31%,0,2,2,2,0
317,08-12-27,3,10,11,22,36,39,8,121,"91,344","37,533",41.09%,1,2,1,2,0
318,09-01-03,2,17,19,20,34,45,21,137,"105,661","23,469",22.21%,1,2,1,1,1
319,09-01-10,5,8,22,28,33,42,37,138,"105,690","49,215",46.57%,2,0,2,1,1
320,09-01-17,16,19,23,25,41,45,3,169,"64,728","56,272",86.94%,0,2,2,0,2
321,09-01-24,12,18,20,21,25,34,42,130,"102,324","99,605",97.34%,0,2,3,1,0
322,09-01-31,9,18,29,32,38,43,20,169,"64,728","30,995",47.88%,1,1,1,2,1
323,09-02-07,10,14,15,32,36,42,3,149,"99,446","75,618",76.04%,0,3,0,2,1
324,09-02-14,2,4,21,25,33,36,17,121,"91,344","18,150",19.87%,2,0,2,2,0
325,09-02-21,7,17,20,32,44,45,33,165,"72,974","28,542",39.11%,1,1,1,1,2
326,09-02-28,16,23,25,33,36,39,40,172,"58,453","50,276",86.01%,0,1,2,3,0
327,09-03-07,6,12,13,17,32,44,24,124,"95,721","68,871",71.95%,1,3,0,1,1
328,09-03-14,1,6,9,16,17,28,24,77,"14,291","4,319",30.22%,3,2,1,0,0
329,09-03-21,9,17,19,30,35,42,4,152,"95,721","65,707",68.64%,1,2,0,2,1
330,09-03-28,3,4,16,17,19,20,23,79,"16,411","10,840",66.05%,2,3,1,0,0
331,09-04-04,4,9,14,26,31,44,39,128,"100,480","46,370",46.15%,2,1,1,1,1
332,09-04-11,16,17,34,36,42,45,3,190,"25,407","14,192",55.86%,0,2,0,2,2
333,09-04-18,5,14,27,30,39,43,35,158,"86,315","27,131",31.43%,1,1,1,2,1
334,09-04-25,13,15,21,29,39,43,33,160,"82,701","66,910",80.91%,0,2,2,1,1
335,09-05-02,5,9,16,23,26,45,21,124,"95,721","57,945",60.54%,2,1,2,0,1
336,09-05-09,3,5,20,34,35,44,16,141,"105,237","23,514",22.34%,2,0,1,2,1
337,09-05-16,1,5,14,18,32,37,4,107,"64,728","6,496",10.04%,2,2,0,2,0
338,09-05-23,2,13,34,38,42,45,16,174,"54,316","2,313",4.26%,1,1,0,2,2
339,09-05-30,6,8,14,21,30,37,45,116,"82,701","62,069",75.05%,2,1,1,2,0
340,09-06-06,18,24,26,29,34,38,32,169,"64,728","61,654",95.25%,0,1,3,2,0
341,09-06-13,1,8,19,34,39,43,41,144,"103,784","2,938",2.83%,2,1,0,2,1
342,09-06-20,1,13,14,33,34,43,25,138,"105,690","8,073",7.64%,1,2,0,2,1
343,09-06-27,1,10,17,29,31,43,15,131,"103,129","8,267",8.02%,1,2,1,1,1
344,09-07-04,1,2,15,28,34,45,38,125,"97,063",504,0.52%,2,1,1,1,1
345,09-07-11,15,20,23,29,39,42,2,168,"66,787","56,419",84.48%,0,1,3,1,1
346,09-07-18,5,13,14,22,44,45,33,143,"104,387","47,073",45.09%,1,2,1,0,2
347,09-07-25,3,8,13,27,32,42,10,125,"97,063","34,655",35.70%,2,1,1,1,1
348,09-08-01,3,14,17,20,24,31,34,109,"68,878","37,741",54.79%,1,2,2,1,0
349,09-08-08,5,13,14,20,24,25,36,101,"52,286","43,326",82.86%,1,2,3,0,0
350,09-08-15,1,8,18,24,29,33,35,113,"76,974","10,418",13.53%,2,1,2,1,0
351,09-08-22,5,25,27,29,34,36,33,156,"89,714","33,496",37.34%,1,0,3,2,0
352,09-08-29,5,16,17,20,26,41,24,125,"97,063","62,668",64.56%,1,2,2,0,1
353,09-09-05,11,16,19,22,29,36,26,133,"104,387","97,891",93.78%,0,3,2,1,0
354,09-09-12,14,19,36,43,44,45,1,201,"12,368","3,202",25.89%,0,2,0,1,3
355,09-09-19,5,8,29,30,35,44,38,151,"97,063","33,906",34.93%,2,0,1,2,1
356,09-09-26,2,8,14,25,29,45,24,123,"94,355","22,408",23.75%,2,1,2,0,1
357,09-10-03,10,14,18,21,36,37,5,136,"105,474","92,384",87.59%,0,3,1,2,0
358,09-10-10,1,9,10,12,21,40,37,93,"36,847","9,105",24.71%,2,2,1,0,1
359,09-10-17,1,10,19,20,24,40,23,114,"78,907","12,382",15.69%,1,2,2,0,1
360,09-10-24,4,16,23,25,35,40,27,143,"104,387","39,876",38.20%,1,1,2,1,1
361,09-10-31,5,10,16,24,27,35,33,117,"84,560","57,760",68.31%,1,2,2,1,0
362,09-11-07,2,3,22,27,30,40,29,124,"95,721","16,397",17.13%,2,0,2,1,1
363,09-11-14,11,12,14,21,32,38,6,128,"100,480","94,181",93.73%,0,3,1,2,0
364,09-11-21,2,5,7,14,16,40,4,84,"22,581","10,185",45.10%,3,2,0,0,1
365,09-11-28,5,15,21,25,26,30,31,122,"92,858","62,406",67.21%,1,1,3,1,0
366,09-12-05,5,12,19,26,27,44,38,133,"104,387","57,228",54.82%,1,2,2,0,1
367,09-12-12,3,22,25,29,32,44,19,155,"91,344","20,195",22.11%,1,0,3,1,1
368,09-12-19,11,21,24,30,39,45,26,170,"62,621","37,825",60.40%,0,1,2,2,1
369,09-12-26,17,20,35,36,41,43,21,192,"22,581","13,349",59.12%,0,1,1,2,2
370,10-01-02,16,18,24,42,44,45,17,189,"26,912","15,547",57.77%,0,2,1,0,3
371,10-01-09,7,9,15,26,27,42,18,126,"98,273","73,755",75.05%,2,1,2,0,1
372,10-01-16,8,11,14,16,18,21,13,88,"28,434","28,164",99.05%,1,4,1,0,0
373,10-01-23,15,26,37,42,43,45,9,208,"7,062","1,335",18.90%,0,1,1,1,3
374,10-01-30,11,13,15,17,25,34,26,115,"80,848","79,420",98.23%,0,4,1,1,0
375,10-02-06,4,8,19,25,27,45,7,128,"100,480","45,682",45.46%,2,1,2,0,1
376,10-02-13,1,11,13,24,28,40,7,117,"84,560","12,393",14.66%,1,2,2,0,1
377,10-02-20,6,22,29,37,43,45,23,182,"38,638","6,782",17.55%,1,0,2,1,2
378,10-02-27,5,22,29,31,34,39,43,160,"82,701","27,414",33.15%,1,0,2,3,0
379,10-03-06,6,10,22,31,35,40,19,144,"103,784","52,959",51.03%,1,1,1,2,1
380,10-03-13,1,2,8,17,26,37,27,91,"33,351","1,008",3.02%,3,1,1,1,0
381,10-03-20,1,5,10,12,16,20,11,64,"4,928","1,912",38.80%,2,3,1,0,0
382,10-03-27,10,15,22,24,27,42,19,140,"105,474","90,047",85.37%,0,2,3,0,1
383,10-04-03,4,15,28,33,37,40,25,157,"88,068","22,395",25.43%,1,1,1,2,1
384,10-04-10,11,22,24,32,36,38,7,163,"76,974","54,141",70.34%,0,1,2,3,0
385,10-04-17,7,12,19,21,29,32,9,120,"89,714","74,521",83.07%,1,2,2,1,0
386,10-04-24,4,7,10,19,31,40,26,111,"72,974","42,560",58.32%,2,2,0,1,1
387,10-05-01,1,26,31,34,40,43,20,175,"52,286","1,482",2.83%,1,0,1,2,2
388,10-05-08,1,8,9,17,29,32,45,96,"42,375","9,004",21.25%,3,1,1,1,0
389,10-05-15,7,16,18,20,23,26,3,110,"70,911","64,103",90.40%,1,2,3,0,0
390,10-05-22,16,17,28,37,39,40,15,177,"48,250","36,985",76.65%,0,2,1,2,1
391,10-05-29,10,11,18,22,28,39,30,128,"100,480","91,032",90.60%,0,3,2,1,0
392,10-06-05,1,3,7,8,24,42,43,85,"23,982","2,277",9.49%,4,0,1,0,1
393,10-06-12,9,16,28,40,41,43,21,177,"48,250","17,521",36.31%,1,1,1,0,3
394,10-06-19,1,13,20,22,25,28,15,109,"68,878","14,156",20.55%,1,1,4,0,0
395,10-06-26,11,15,20,26,31,35,7,138,"105,690","95,949",90.78%,0,2,2,2,0
396,10-07-03,18,20,31,34,40,45,30,188,"28,434","20,514",72.15%,0,1,1,2,2
397,10-07-10,12,13,17,22,25,33,8,122,"92,858","91,026",98.03%,0,3,2,1,0
398,10-07-17,10,15,20,23,42,44,7,154,"92,858","66,404",71.51%,0,2,2,0,2
399,10-07-24,1,2,9,17,19,42,20,90,"31,656","1,168",3.69%,3,2,0,0,1
400,10-07-31,9,21,27,34,41,43,2,175,"52,286","21,375",40.88%,1,0,2,1,2
401,10-08-07,6,12,18,31,38,43,9,148,"100,480","48,226",48.00%,1,2,0,2,1
402,10-08-14,5,9,15,19,22,36,32,106,"62,621","48,051",76.73%,2,2,1,1,0
403,10-08-21,10,14,22,24,28,37,26,135,"105,237","93,158",88.52%,0,2,3,1,0
404,10-08-28,5,20,21,24,33,40,36,143,"104,387","50,941",48.80%,1,0,3,1,1
405,10-09-04,1,2,10,25,26,44,4,108,"66,787",845,1.27%,2,1,2,0,1
406,10-09-11,7,12,21,24,27,36,45,127,"99,446","76,998",77.43%,1,1,3,1,0
407,10-09-18,6,7,13,16,24,25,1,91,"33,351","30,214",90.59%,2,2,2,0,0
408,10-09-25,9,20,21,22,30,37,16,139,"105,661","87,091",82.42%,1,0,3,2,0
409,10-10-02,6,9,21,31,32,40,38,139,"105,661","58,402",55.27%,2,0,1,2,1
410,10-10-09,1,3,18,32,40,41,16,135,"105,237","1,004",0.95%,2,1,0,1,2
411,10-10-16,11,14,22,35,37,39,5,158,"86,315","62,379",72.27%,0,2,1,3,0
412,10-10-23,4,7,39,41,42,45,40,178,"46,247","4,837",10.46%,2,0,0,1,3
413,10-10-30,2,9,15,23,34,40,3,123,"94,355","23,650",25.06%,2,1,1,1,1
414,10-11-06,2,14,15,22,23,44,43,120,"89,714","28,239",31.48%,1,2,2,0,1
415,10-11-13,7,17,20,26,30,40,24,140,"105,474","71,400",67.69%,1,1,2,1,1
416,10-11-20,5,6,8,11,22,26,44,78,"15,316","13,735",89.68%,3,1,2,0,0
417,10-11-27,4,5,14,20,22,43,44,108,"66,787","38,541",57.71%,2,1,2,0,1
418,10-12-04,11,13,15,26,28,34,31,127,"99,446","94,370",94.90%,0,3,2,1,0
419,10-12-11,2,11,13,14,28,30,7,98,"46,247","21,109",45.64%,1,3,1,1,0
420,10-12-18,4,9,10,29,31,34,27,117,"84,560","47,238",55.86%,2,1,1,2,0
421,10-12-25,6,11,26,27,28,44,30,142,"104,836","56,652",54.04%,1,1,3,0,1
422,11-01-01,8,15,19,21,34,44,12,141,"105,237","76,588",72.78%,1,2,1,1,1
423,11-01-08,1,17,27,28,29,40,5,142,"104,836","9,583",9.14%,1,1,3,0,1
424,11-01-15,10,11,26,31,34,44,30,156,"89,714","60,077",66.97%,0,2,1,2,1
425,11-01-22,8,10,14,27,33,38,3,130,"102,324","80,725",78.89%,1,2,1,2,0
426,11-01-29,4,17,18,27,39,43,19,148,"100,480","34,001",33.84%,1,2,1,1,1
427,11-02-05,6,7,15,24,28,30,21,110,"70,911","55,681",78.52%,2,1,2,1,0
428,11-02-12,12,16,19,22,37,40,8,146,"102,324","91,487",89.41%,0,3,1,1,1
429,11-02-19,3,23,28,34,39,42,16,169,"64,728","8,768",13.55%,1,0,2,2,1
430,11-02-26,1,3,16,18,30,34,44,102,"54,316","3,594",6.62%,2,2,0,2,0
431,11-03-05,18,22,25,31,38,45,6,179,"44,313","38,156",86.11%,0,1,2,2,1
432,11-03-12,2,3,5,11,27,39,33,87,"26,912","8,660",32.18%,3,1,1,1,0
433,11-03-19,19,23,29,33,35,43,27,182,"38,638","33,868",87.65%,0,1,2,2,1
434,11-03-26,3,13,20,24,33,37,35,130,"102,324","37,852",36.99%,1,1,2,2,0
435,11-04-02,8,16,26,30,38,45,42,163,"76,974","36,967",48.03%,1,1,1,2,1
436,11-04-09,9,14,20,22,33,34,28,132,"103,784","89,394",86.13%,1,1,2,2,0
437,11-04-16,11,16,29,38,41,44,21,179,"44,313","19,909",44.93%,0,2,1,1,2
438,11-04-23,6,12,20,26,29,38,45,131,"103,129","68,006",65.94%,1,1,3,1,0
439,11-04-30,17,20,30,31,37,40,25,175,"52,286","44,793",85.67%,0,1,1,3,1
440,11-05-07,10,22,28,34,36,44,2,174,"54,316","26,589",48.95%,0,1,2,2,1
441,11-05-14,1,23,28,30,34,35,9,151,"97,063","7,868",8.11%,1,0,2,3,0
442,11-05-21,25,27,29,36,38,40,41,195,"18,733","18,057",96.39%,0,0,3,2,1
443,11-05-28,4,6,10,19,20,44,14,103,"56,399","35,761",63.41%,2,2,1,0,1
444,11-06-04,11,13,23,35,43,45,17,170,"62,621","35,392",56.52%,0,2,1,1,2
445,11-06-11,13,20,21,30,39,45,32,168,"66,787","49,711",74.43%,0,1,2,2,1
446,11-06-18,1,11,12,14,26,35,6,99,"48,250","11,432",23.69%,1,3,1,1,0
447,11-06-25,2,7,8,9,17,33,34,76,"13,294","7,783",58.55%,4,1,0,1,0
448,11-07-02,3,7,13,27,40,41,36,131,"103,129","30,994",30.05%,2,1,1,0,2
449,11-07-09,3,10,20,26,35,43,36,137,"105,661","30,478",28.85%,1,1,2,1,1
450,11-07-16,6,14,19,21,23,31,13,114,"78,907","64,539",81.79%,1,2,2,1,0
451,11-07-23,12,15,20,24,30,38,29,139,"105,661","98,537",93.26%,0,2,2,2,0
452,11-07-30,8,10,18,30,32,34,27,132,"103,784","80,484",77.55%,1,2,0,3,0
453,11-08-06,12,24,33,38,40,42,30,189,"26,912","10,159",37.75%,0,1,1,2,2
454,11-08-13,13,25,27,34,38,41,10,178,"46,247","28,862",62.41%,0,1,2,2,1
455,11-08-20,4,19,20,26,30,35,24,134,"104,836","49,487",47.20%,1,1,2,2,0
456,11-08-27,1,7,12,18,23,27,44,88,"28,434","7,252",25.50%,2,2,2,0,0
457,11-09-03,8,10,18,23,27,40,33,126,"98,273","81,053",82.48%,1,2,2,0,1
458,11-09-10,4,9,10,32,36,40,18,131,"103,129","44,520",43.17%,2,1,0,2,1
459,11-09-17,4,6,10,14,25,40,12,99,"48,250","32,201",66.74%,2,2,1,0,1
460,11-09-24,8,11,28,30,43,45,41,165,"72,974","31,683",43.42%,1,1,1,1,2
461,11-10-01,11,18,26,31,37,40,43,163,"76,974","52,865",68.68%,0,2,1,2,1
462,11-10-08,3,20,24,32,37,45,4,161,"80,848","14,017",17.34%,1,0,2,2,1
463,11-10-15,23,29,31,33,34,44,40,194,"19,955","18,488",92.65%,0,0,2,3,1
464,11-10-22,6,12,15,34,42,44,4,153,"94,355","40,215",42.62%,1,2,0,1,2
465,11-10-29,1,8,11,13,22,38,31,93,"36,847","8,701",23.61%,2,2,1,1,0
466,11-11-05,4,10,13,23,32,44,20,126,"98,273","48,094",48.94%,1,2,1,1,1
467,11-11-12,2,12,14,17,24,40,39,109,"68,878","26,216",38.06%,1,3,1,0,1
468,11-11-19,8,13,15,28,37,43,17,144,"103,784","70,673",68.10%,1,2,1,1,1
469,11-11-26,4,21,22,34,37,38,33,156,"89,714","25,753",28.71%,1,0,2,3,0
470,11-12-03,10,16,20,39,41,42,27,168,"66,787","36,297",54.35%,0,2,1,1,2
471,11-12-10,6,13,29,37,39,41,43,165,"72,974","22,752",31.18%,1,1,1,2,1
472,11-12-17,16,25,26,31,36,43,44,177,"48,250","38,978",80.78%,0,1,2,2,1
473,11-12-24,8,13,20,22,23,36,34,122,"92,858","81,452",87.72%,1,1,3,1,0
474,11-12-31,4,13,18,31,33,45,43,144,"103,784","36,499",35.17%,1,2,0,2,1
475,12-01-07,1,9,14,16,21,29,3,90,"31,656","8,736",27.60%,2,2,2,0,0
476,12-01-14,9,12,13,15,37,38,27,124,"95,721","85,747",89.58%,1,3,0,2,0
477,12-01-21,14,25,29,32,33,45,37,178,"46,247","31,687",68.52%,0,1,2,2,1
478,12-01-28,18,29,30,37,39,43,8,196,"17,534","10,820",61.71%,0,1,1,3,1
479,12-02-04,8,23,25,27,35,44,24,162,"78,907","41,242",52.27%,1,0,3,1,1
480,12-02-11,3,5,10,17,30,31,16,96,"42,375","22,795",53.79%,2,2,0,2,0
481,12-02-18,3,4,23,29,40,41,20,140,"105,474","23,596",22.37%,2,0,2,0,2
482,12-02-25,1,10,16,24,25,35,43,111,"72,974","12,422",17.02%,1,2,2,1,0
483,12-03-03,12,15,19,22,28,34,5,130,"102,324","99,076",96.83%,0,3,2,1,0
484,12-03-10,1,3,27,28,32,45,11,136,"105,474","1,304",1.24%,2,0,2,1,1
485,12-03-17,17,22,26,27,36,39,20,167,"68,878","64,372",93.46%,0,1,3,2,0
486,12-03-24,1,2,23,25,38,40,43,129,"101,478",796,0.78%,2,0,2,1,1
487,12-03-31,4,8,25,27,37,41,21,142,"104,836","35,330",33.70%,2,0,2,1,1
488,12-04-07,2,8,17,30,31,38,25,126,"98,273","21,788",22.17%,2,1,0,3,0
489,12-04-14,2,4,8,15,20,27,11,76,"13,294","6,512",48.98%,3,1,2,0,0
490,12-04-21,2,7,26,29,40,43,42,147,"101,478","11,308",11.14%,2,0,2,0,2
491,12-04-28,8,17,35,36,39,42,4,177,"48,250","15,087",31.27%,1,1,0,3,1
492,12-05-05,22,27,31,35,37,40,42,192,"22,581","20,406",90.37%,0,0,2,3,1
493,12-05-12,20,22,26,33,36,37,25,174,"54,316","52,251",96.20%,0,0,3,3,0
494,12-05-19,5,7,8,15,30,43,22,108,"66,787","47,261",70.76%,3,1,0,1,1
495,12-05-26,4,13,22,27,34,44,6,144,"103,784","36,722",35.38%,1,1,2,1,1
496,12-06-02,4,13,20,29,36,41,39,143,"104,387","37,780",36.19%,1,1,2,1,1
497,12-06-09,19,20,23,24,43,44,13,173,"56,399","52,659",93.37%,0,1,3,0,2
498,12-06-16,13,14,24,32,39,41,3,163,"76,974","59,419",77.19%,0,2,1,2,1
499,12-06-23,5,20,23,27,35,40,43,150,"98,273","41,343",42.07%,1,0,3,1,1
500,12-06-30,3,4,12,20,24,34,41,97,"44,313","22,335",50.40%,2,1,2,1,0
501,12-07-07,1,4,10,17,31,42,2,105,"60,559","4,499",7.43%,2,2,0,1,1
502,12-07-14,6,22,28,32,34,40,26,162,"78,907","30,137",38.19%,1,0,2,2,1
503,12-07-21,1,5,27,30,34,36,40,133,"104,387","3,408",3.26%,2,0,1,3,0
504,12-07-28,6,14,22,26,43,44,31,155,"91,344","38,188",41.81%,1,1,2,0,2
505,12-08-04,7,20,22,25,38,40,44,152,"95,721","53,449",55.84%,1,0,3,1,1
506,12-08-11,6,9,11,22,24,30,31,102,"54,316","46,930",86.40%,2,1,2,1,0
507,12-08-18,12,13,32,33,40,41,4,171,"60,559","37,169",61.38%,0,2,0,2,2
508,12-08-25,5,27,31,34,35,43,37,175,"52,286","10,896",20.84%,1,0,1,3,1
509,12-09-01,12,25,29,35,42,43,24,186,"31,656","13,644",43.10%,0,1,2,1,2
510,12-09-08,12,29,32,33,39,40,42,185,"33,351","15,449",46.32%,0,1,1,3,1
511,12-09-15,3,7,14,23,26,42,24,115,"80,848","34,505",42.68%,2,1,2,0,1
512,12-09-22,4,5,9,13,26,27,1,84,"22,581","17,204",76.19%,3,1,2,0,0
513,12-09-29,5,8,21,23,27,33,12,117,"84,560","55,981",66.20%,2,0,3,1,0
514,12-10-06,1,15,20,26,35,42,9,139,"105,661","9,391",8.89%,1,1,2,1,1
515,12-10-13,2,11,12,15,23,37,8,100,"50,236","22,068",43.93%,1,3,1,1,0
516,12-10-20,2,8,23,41,43,44,30,161,"80,848","5,518",6.83%,2,0,1,0,3
517,12-10-27,1,9,12,28,36,41,10,127,"99,446","8,071",8.12%,2,1,1,1,1
518,12-11-03,14,23,30,32,34,38,6,171,"60,559","47,088",77.76%,0,1,1,4,0
519,12-11-10,6,8,13,16,30,43,3,116,"82,701","61,899",74.85%,2,2,0,1,1
520,12-11-17,4,22,27,28,38,40,1,159,"84,560","22,599",26.73%,1,0,3,1,1
521,12-11-24,3,7,18,29,32,36,19,125,"97,063","33,928",34.95%,2,1,1,2,0
522,12-12-01,4,5,13,14,37,41,11,114,"78,907","41,407",52.48%,2,2,0,1,1
523,12-12-08,1,4,37,38,40,45,7,165,"72,974",113,0.15%,2,0,0,2,2
524,12-12-15,10,11,29,38,41,45,21,174,"54,316","24,290",44.72%,0,2,1,1,2
525,12-12-22,11,23,26,29,39,44,22,172,"58,453","34,169",58.46%,0,1,3,1,1
526,12-12-29,7,14,17,20,35,39,31,132,"103,784","76,690",73.89%,1,2,1,2,0
527,13-01-05,1,12,22,32,33,42,38,142,"104,836","6,301",6.01%,1,1,1,2,1
528,13-01-12,5,17,25,31,39,40,10,157,"88,068","29,812",33.85%,1,1,1,2,1
529,13-01-19,18,20,24,27,31,42,39,162,"78,907","76,669",97.16%,0,1,3,1,1
530,13-01-26,16,23,27,29,33,41,22,169,"64,728","57,615",89.01%,0,1,3,1,1
531,13-02-02,1,5,9,21,27,35,45,98,"46,247","6,062",13.11%,3,0,2,1,0
532,13-02-09,16,17,23,24,29,44,3,153,"94,355","90,842",96.28%,0,2,3,0,1
533,13-02-16,9,14,15,17,31,33,23,119,"88,068","82,251",93.39%,1,3,0,2,0
534,13-02-23,10,24,26,29,37,38,32,164,"74,963","47,512",63.38%,0,1,3,2,0
535,13-03-02,11,12,14,15,18,39,34,109,"68,878","68,030",98.77%,0,5,0,1,0
536,13-03-09,7,8,18,32,37,43,12,145,"103,129","57,977",56.22%,2,1,0,2,1
537,13-03-16,12,23,26,30,36,43,11,170,"62,621","42,288",67.53%,0,1,2,2,1
538,13-03-23,6,10,18,31,32,34,11,131,"103,129","66,034",64.03%,1,2,0,3,0
539,13-03-30,3,19,22,31,42,43,26,160,"82,701","14,480",17.51%,1,1,1,1,2
540,13-04-06,3,12,13,15,34,36,14,113,"76,974","38,519",50.04%,1,3,0,2,0
541,13-04-13,8,13,26,28,32,34,43,141,"105,237","75,606",71.84%,1,1,2,2,0
542,13-04-20,5,6,19,26,41,45,34,142,"104,836","43,175",41.18%,2,1,1,0,2
543,13-04-27,13,18,26,31,34,44,12,166,"70,911","54,047",76.22%,0,2,1,2,1
544,13-05-04,5,17,21,25,36,44,10,148,"100,480","42,964",42.76%,1,1,2,1,1
545,13-05-11,4,24,25,27,34,35,2,149,"99,446","34,953",35.15%,1,0,3,2,0
546,13-05-18,8,17,20,27,37,43,6,152,"95,721","59,189",61.83%,1,1,2,1,1
547,13-05-25,6,7,15,22,34,39,28,123,"94,355","63,888",67.71%,2,1,1,2,0
548,13-06-01,1,12,13,21,32,45,14,124,"95,721","11,783",12.31%,1,2,1,1,1
549,13-06-08,29,31,35,38,40,44,17,217,"3,009","2,667",88.63%,0,0,1,3,2
550,13-06-15,1,7,14,20,34,37,41,113,"76,974","8,776",11.40%,2,1,1,2,0
551,13-06-22,3,6,20,24,27,44,25,124,"95,721","33,044",34.52%,2,0,3,0,1
552,13-06-29,1,10,20,32,35,40,43,138,"105,690","6,115",5.79%,1,1,1,2,1
553,13-07-06,2,7,17,28,29,39,37,122,"92,858","21,743",23.42%,2,1,2,1,0
554,13-07-13,13,14,17,32,41,42,6,159,"84,560","68,545",81.06%,0,3,0,1,2
555,13-07-20,11,17,21,24,26,36,12,135,"105,237","98,025",93.15%,0,2,3,1,0
556,13-07-27,12,20,23,28,30,44,43,157,"88,068","72,207",81.99%,0,1,3,1,1
557,13-08-03,4,20,26,28,35,40,31,153,"94,355","29,349",31.10%,1,0,3,1,1
558,13-08-10,12,15,19,26,40,43,29,155,"91,344","74,142",81.17%,0,3,1,0,2
559,13-08-17,11,12,25,32,44,45,23,169,"64,728","37,212",57.49%,0,2,1,1,2
560,13-08-24,1,4,20,23,29,45,28,122,"92,858","3,731",4.02%,2,0,3,0,1
561,13-08-31,5,7,18,37,42,45,20,154,"92,858","29,404",31.67%,2,1,0,1,2
562,13-09-07,4,11,13,17,20,31,33,96,"42,375","32,438",76.55%,1,3,1,1,0
563,13-09-14,5,10,16,17,31,32,21,111,"72,974","53,722",73.62%,1,3,0,2,0
564,13-09-21,14,19,25,26,27,34,2,145,"103,129","99,532",96.51%,0,2,3,1,0
565,13-09-28,4,10,18,27,40,45,38,144,"103,784","34,350",33.10%,1,2,1,0,2
566,13-10-05,4,5,6,25,26,43,41,109,"68,878","38,133",55.36%,3,0,2,0,1
567,13-10-12,1,10,15,16,32,41,28,115,"80,848","11,935",14.76%,1,3,0,1,1
568,13-10-19,1,3,17,20,31,44,40,116,"82,701","2,725",3.30%,2,1,1,1,1
569,13-10-26,3,6,13,23,24,35,1,104,"58,453","29,342",50.20%,2,1,2,1,0
570,13-11-02,1,12,26,27,29,33,42,128,"100,480","11,505",11.45%,1,1,3,1,0
571,13-11-09,11,18,21,26,38,43,29,157,"88,068","66,657",75.69%,0,2,2,1,1
572,13-11-16,3,13,18,33,37,45,1,149,"99,446","21,849",21.97%,1,2,0,2,1
573,13-11-23,2,4,20,34,35,43,14,138,"105,690","13,329",12.61%,2,0,1,2,1
574,13-11-30,14,15,16,19,25,43,2,132,"103,784","102,108",98.39%,0,4,1,0,1
575,13-12-07,2,8,20,30,33,34,6,127,"99,446","21,666",21.79%,2,0,1,3,0
576,13-12-14,10,11,15,25,35,41,13,137,"105,661","89,181",84.40%,0,3,1,1,1
577,13-12-21,16,17,22,31,34,37,33,157,"88,068","83,231",94.51%,0,2,1,3,0
578,13-12-28,5,12,14,32,34,42,16,139,"105,661","51,167",48.43%,1,2,0,2,1
579,14-01-04,5,7,20,22,37,42,39,133,"104,387","52,279",50.08%,2,0,2,1,1
580,14-01-11,5,7,9,11,32,35,33,99,"48,250","37,661",78.05%,3,1,0,2,0
581,14-01-18,3,5,14,20,42,44,33,128,"100,480","30,067",29.92%,2,1,1,0,2
582,14-01-25,2,12,14,33,40,41,25,142,"104,836","16,852",16.07%,1,2,0,1,2
583,14-02-01,8,17,27,33,40,44,24,169,"64,728","26,504",40.95%,1,1,1,1,2
584,14-02-08,7,18,30,39,40,41,36,175,"52,286","14,813",28.33%,1,1,0,2,2
585,14-02-15,6,7,10,16,38,41,4,118,"86,315","61,545",71.30%,2,2,0,1,1
586,14-02-22,2,7,12,15,21,34,5,91,"33,351","15,497",46.47%,2,2,1,1,0
587,14-03-01,14,21,29,31,32,37,17,164,"74,963","63,689",84.96%,0,1,2,3,0
588,14-03-08,2,8,15,22,25,41,30,113,"76,974","23,762",30.87%,2,1,2,0,1
589,14-03-15,6,8,28,33,38,39,22,152,"95,721","40,120",41.91%,2,0,1,3,0
590,14-03-22,20,30,36,38,41,45,23,210,"5,923","2,412",40.72%,0,0,1,3,2
591,14-03-29,8,13,14,30,38,39,5,142,"104,836","73,539",70.15%,1,2,0,3,0
592,14-04-05,2,5,6,13,28,44,43,98,"46,247","15,487",33.49%,3,1,1,0,1
593,14-04-12,9,10,13,24,33,38,28,127,"99,446","85,602",86.08%,1,2,1,2,0
594,14-04-19,2,8,13,25,28,37,3,113,"76,974","23,568",30.62%,2,1,2,1,0
595,14-04-26,8,24,28,35,38,40,5,173,"56,399","21,917",38.86%,1,0,2,2,1
596,14-05-03,3,4,12,14,25,43,17,101,"52,286","24,621",47.09%,2,2,1,0,1
597,14-05-10,8,10,23,24,35,43,37,143,"104,387","70,244",67.29%,1,1,2,1,1
598,14-05-17,4,12,24,33,38,45,22,156,"89,714","22,101",24.63%,1,1,1,2,1
599,14-05-24,5,12,17,29,34,35,27,132,"103,784","57,810",55.70%,1,2,1,2,0
600,14-05-31,5,11,14,27,29,36,44,122,"92,858","59,760",64.36%,1,2,2,1,0
601,14-06-07,2,16,19,31,34,35,37,137,"105,661","23,074",21.84%,1,2,0,3,0
602,14-06-14,13,14,22,27,30,38,2,144,"103,784","96,295",92.78%,0,2,2,2,0
603,14-06-21,2,19,25,26,27,43,28,142,"104,836","21,313",20.33%,1,1,3,0,1
604,14-06-28,2,6,18,21,33,34,30,114,"78,907","21,416",27.14%,2,1,1,2,0
605,14-07-05,1,2,7,9,10,38,42,67,"6,481",617,9.52%,4,1,0,1,0
606,14-07-12,1,5,6,14,20,39,22,85,"23,982","4,485",18.70%,3,1,1,1,0
607,14-07-19,8,14,23,36,38,39,13,158,"86,315","45,800",53.06%,1,1,1,3,0
608,14-07-26,4,8,18,19,39,44,41,132,"103,784","43,373",41.79%,2,2,0,1,1
609,14-08-02,4,8,27,34,39,40,13,152,"95,721","24,870",25.98%,2,0,1,2,1
610,14-08-09,14,18,20,23,28,36,33,139,"105,661","103,490",97.95%,0,2,3,1,0
611,14-08-16,2,22,27,33,36,37,14,157,"88,068","11,860",13.47%,1,0,2,3,0
612,14-08-23,6,9,18,19,25,33,40,110,"70,911","57,795",81.50%,2,2,1,1,0
613,14-08-30,7,8,11,16,41,44,35,127,"99,446","72,129",72.53%,2,2,0,0,2
614,14-09-06,8,21,25,39,40,44,18,177,"48,250","15,623",32.38%,1,0,2,1,2
615,14-09-13,10,17,18,19,23,27,35,114,"78,907","77,166",97.79%,0,4,2,0,0
616,14-09-20,5,13,18,23,40,45,3,144,"103,784","45,973",44.30%,1,2,1,0,2
617,14-09-27,4,5,11,12,24,27,28,83,"21,255","16,498",77.62%,2,2,2,0,0
618,14-10-04,8,16,25,30,42,43,15,164,"74,963","35,027",46.73%,1,1,1,1,2
619,14-10-11,6,8,13,30,35,40,21,132,"103,784","62,870",60.58%,2,1,0,2,1
620,14-10-18,2,16,17,32,39,45,40,151,"97,063","13,238",13.64%,1,2,0,2,1
621,14-10-25,1,2,6,16,19,42,9,86,"25,407",703,2.77%,3,2,0,0,1
622,14-11-01,9,15,16,21,28,34,24,123,"94,355","86,679",91.86%,1,2,2,1,0
623,14-11-08,7,13,30,39,41,45,25,175,"52,286","14,132",27.03%,1,1,0,2,2
624,14-11-15,1,7,19,26,27,35,16,115,"80,848","8,976",11.10%,2,1,2,1,0
625,14-11-22,3,6,7,20,21,39,13,96,"42,375","23,510",55.48%,3,0,2,1,0
626,14-11-29,13,14,26,33,40,43,15,169,"64,728","45,307",70.00%,0,2,1,1,2
627,14-12-06,2,9,22,25,31,45,12,134,"104,836","19,602",18.70%,2,0,2,1,1
628,14-12-13,1,7,12,15,23,42,11,100,"50,236","8,908",17.73%,2,2,1,0,1
629,14-12-20,19,28,31,38,43,44,1,203,"10,632","5,435",51.12%,0,1,1,2,2
630,14-12-27,8,17,21,24,27,31,15,128,"100,480","85,307",84.90%,1,1,3,1,0
631,15-01-03,1,2,4,23,31,34,8,95,"40,505",320,0.79%,3,0,1,2,0
632,15-01-10,15,18,21,32,35,44,6,165,"72,974","62,957",86.27%,0,2,1,2,1
633,15-01-17,9,12,19,20,39,41,13,140,"105,474","82,214",77.95%,1,2,1,1,1
634,15-01-24,4,10,11,12,20,27,38,84,"22,581","19,073",84.46%,1,3,2,0,0
635,15-01-31,11,13,25,26,29,33,32,137,"105,661","95,504",90.39%,0,2,3,1,0
636,15-02-07,6,7,15,16,20,31,26,95,"40,505","35,864",88.54%,2,2,1,1,0
637,15-02-14,3,16,22,37,38,44,23,160,"82,701","13,445",16.26%,1,1,1,2,1
638,15-02-21,7,18,22,24,31,34,6,136,"105,474","75,920",71.98%,1,1,2,2,0
639,15-02-28,6,15,22,23,25,32,40,123,"94,355","70,828",75.07%,1,1,3,1,0
640,15-03-07,14,15,18,21,26,35,23,129,"101,478","100,460",99.00%,0,3,2,1,0
641,15-03-14,11,18,21,36,37,43,12,166,"70,911","45,679",64.42%,0,2,1,2,1
642,15-03-21,8,17,18,24,39,45,32,151,"97,063","61,008",62.85%,1,2,1,1,1
643,15-03-28,15,24,31,32,33,40,13,175,"52,286","40,887",78.20%,0,1,1,3,1
644,15-04-04,5,13,17,23,28,36,8,122,"92,858","61,404",66.13%,1,2,2,1,0
645,15-04-11,1,4,16,26,40,41,31,128,"100,480","2,584",2.57%,2,1,1,0,2
646,15-04-18,2,9,24,41,43,45,30,164,"74,963","4,646",6.20%,2,0,1,0,3
647,15-04-25,5,16,21,23,24,30,29,119,"88,068","61,633",69.98%,1,1,3,1,0
648,15-05-02,13,19,28,37,38,43,4,178,"46,247","27,541",59.55%,0,2,1,2,1
649,15-05-09,3,21,22,33,41,42,20,162,"78,907","13,404",16.99%,1,0,2,1,2
650,15-05-16,3,4,7,11,31,41,35,97,"44,313","21,518",48.56%,3,1,0,1,1
651,15-05-23,11,12,16,26,29,44,18,138,"105,690","93,588",88.55%,0,3,2,0,1
652,15-05-30,3,13,15,40,41,44,20,156,"89,714","15,562",17.35%,1,2,0,0,3
653,15-06-06,5,6,26,27,38,39,1,141,"105,237","44,591",42.37%,2,0,2,2,0
654,15-06-13,16,21,26,31,36,43,6,173,"56,399","47,396",84.04%,0,1,2,2,1
655,15-06-20,7,37,38,39,40,44,18,205,"9,079",513,5.65%,1,0,0,3,2
656,15-06-27,3,7,14,16,31,40,39,111,"72,974","33,609",46.06%,2,2,0,1,1
657,15-07-04,10,14,19,39,40,43,23,165,"72,974","41,850",57.35%,0,3,0,1,2
658,15-07-11,8,19,25,28,32,36,37,148,"100,480","67,822",67.50%,1,1,2,2,0
659,15-07-18,7,18,19,27,29,42,45,142,"104,836","69,103",65.92%,1,2,2,0,1
660,15-07-25,4,9,23,33,39,44,14,152,"95,721","25,164",26.29%,2,0,1,2,1
661,15-08-01,2,3,12,20,27,38,40,102,"54,316","14,428",26.56%,2,1,2,1,0
662,15-08-08,5,6,9,11,15,37,26,83,"21,255","18,520",87.13%,3,2,0,1,0
663,15-08-15,3,5,8,19,38,42,20,115,"80,848","30,921",38.25%,3,1,0,1,1
664,15-08-22,10,20,33,36,41,44,5,184,"35,060","11,755",33.53%,0,1,1,2,2
665,15-08-29,5,6,11,17,38,44,13,121,"91,344","53,572",58.65%,2,2,0,1,1
666,15-09-05,2,4,6,11,17,28,16,68,"7,062","3,855",54.59%,3,2,1,0,0
667,15-09-12,15,17,25,37,42,43,13,179,"44,313","30,289",68.35%,0,2,1,1,2
668,15-09-19,12,14,15,24,27,32,3,124,"95,721","93,635",97.82%,0,3,2,1,0
669,15-09-26,7,8,20,29,33,38,9,135,"105,237","69,612",66.15%,2,0,2,2,0
670,15-10-03,11,18,26,27,40,41,25,163,"76,974","52,842",68.65%,0,2,2,0,2
671,15-10-10,7,9,10,13,31,35,24,105,"60,559","54,043",89.24%,2,2,0,2,0
672,15-10-17,8,21,28,31,36,45,43,169,"64,728","27,718",42.82%,1,0,2,2,1
673,15-10-24,7,10,17,29,33,44,5,140,"105,474","66,294",62.85%,1,2,1,1,1
674,15-10-31,9,10,14,25,27,31,11,116,"82,701","76,486",92.48%,1,2,2,1,0
675,15-11-07,1,8,11,15,18,45,7,98,"46,247","9,509",20.56%,2,3,0,0,1
676,15-11-14,1,8,17,34,39,45,27,144,"103,784","2,878",2.77%,2,1,0,2,1
677,15-11-21,12,15,24,36,41,44,42,172,"58,453","35,425",60.60%,0,2,1,1,2
678,15-11-28,4,5,6,12,25,37,45,89,"30,036","21,171",70.49%,3,1,1,1,0
679,15-12-05,3,5,7,14,26,34,35,89,"30,036","17,578",58.52%,3,1,1,1,0
680,15-12-12,4,10,19,29,32,42,30,136,"105,474","42,441",40.24%,1,2,1,1,1
681,15-12-19,21,24,27,29,43,44,7,188,"28,434","25,280",88.91%,0,0,4,0,2
682,15-12-26,17,23,27,35,38,43,2,183,"36,847","28,222",76.59%,0,1,2,2,1
683,16-01-02,6,13,20,27,28,40,15,134,"104,836","66,761",63.68%,1,1,3,0,1
684,16-01-09,1,11,15,17,25,39,40,108,"66,787","12,952",19.39%,1,3,1,1,0
685,16-01-16,6,7,12,28,38,40,18,131,"103,129","62,205",60.32%,2,1,1,1,1
686,16-01-23,7,12,15,24,25,43,13,126,"98,273","76,527",77.87%,1,2,2,0,1
687,16-01-30,1,8,10,13,28,42,45,102,"54,316","9,741",17.93%,2,2,1,0,1
688,16-02-06,5,15,22,23,34,35,2,134,"104,836","58,684",55.98%,1,1,2,2,0
689,16-02-13,7,17,19,30,36,38,34,147,"101,478","61,023",60.13%,1,2,0,3,0
690,16-02-20,24,25,33,34,38,39,43,193,"21,255","20,107",94.60%,0,0,2,4,0
691,16-02-27,15,27,33,35,43,45,16,198,"15,316","5,867",38.31%,0,1,1,2,2
692,16-03-05,3,11,14,15,32,36,44,111,"72,974","37,350",51.18%,1,3,0,2,0
693,16-03-12,1,6,11,28,34,42,30,122,"92,858","5,648",6.08%,2,1,1,1,1
694,16-03-19,7,15,20,25,33,43,12,143,"104,387","66,311",63.52%,1,1,2,1,1
695,16-03-26,4,18,26,33,34,38,14,153,"94,355","28,593",30.30%,1,1,1,3,0
696,16-04-02,1,7,16,18,34,38,21,114,"78,907","8,823",11.18%,2,2,0,2,0
697,16-04-09,2,5,8,11,33,39,31,98,"46,247","15,804",34.17%,3,1,0,2,0
698,16-04-16,3,11,13,21,33,37,18,118,"86,315","38,804",44.96%,1,2,1,2,0
699,16-04-23,4,5,8,16,21,29,3,83,"21,255","16,282",76.60%,3,1,2,0,0
700,16-04-30,11,23,28,29,30,44,13,165,"72,974","49,790",68.23%,0,1,3,1,1
701,16-05-07,3,10,14,16,36,38,35,117,"84,560","37,975",44.91%,1,3,0,2,0
702,16-05-14,3,13,16,24,26,29,9,111,"72,974","38,513",52.78%,1,2,3,0,0
703,16-05-21,10,28,31,33,41,44,21,187,"30,036","9,632",32.07%,0,1,1,2,2
704,16-05-28,1,4,8,23,33,42,45,111,"72,974","3,861",5.29%,3,0,1,1,1
705,16-06-04,1,6,17,22,28,45,23,119,"88,068","6,741",7.65%,2,1,2,0,1
706,16-06-11,3,4,6,10,28,30,37,81,"18,733","11,329",60.48%,3,1,1,1,0
707,16-06-18,2,12,19,24,39,44,35,140,"105,474","18,371",17.42%,1,2,1,1,1
708,16-06-25,2,10,16,19,34,45,1,126,"98,273","23,800",24.22%,1,3,0,1,1
709,16-07-02,10,18,30,36,39,44,32,177,"48,250","20,651",42.80%,0,2,0,3,1
710,16-07-09,3,4,9,24,25,33,10,98,"46,247","22,569",48.80%,3,0,2,1,0
711,16-07-16,11,15,24,35,37,45,42,167,"68,878","42,388",61.54%,0,2,1,2,1
712,16-07-23,17,20,30,31,33,45,19,176,"50,236","42,464",84.53%,0,1,1,3,1
713,16-07-30,2,5,15,18,19,23,44,82,"19,955","9,920",49.71%,2,3,1,0,0
714,16-08-06,1,7,22,33,37,40,20,140,"105,474","3,348",3.17%,2,0,1,2,1
715,16-08-13,2,7,27,33,41,44,10,154,"92,858","8,079",8.70%,2,0,1,1,2
716,16-08-20,2,6,13,16,29,30,21,96,"42,375","16,984",40.08%,2,2,1,1,0
717,16-08-27,2,11,19,25,28,32,44,117,"84,560","26,969",31.89%,1,2,2,1,0
718,16-09-03,4,11,20,23,32,39,40,129,"101,478","48,409",47.70%,1,1,2,2,0
719,16-09-10,4,8,13,19,20,43,26,107,"64,728","41,512",64.13%,2,2,1,0,1
720,16-09-17,1,12,29,34,36,37,41,149,"99,446","4,155",4.18%,1,1,1,3,0
721,16-09-24,1,28,35,41,43,44,31,192,"22,581",105,0.46%,1,0,1,1,3
722,16-10-01,12,14,21,30,39,43,45,159,"84,560","64,647",76.45%,0,2,1,2,1
723,16-10-08,20,30,33,35,36,44,22,198,"15,316","10,877",71.02%,0,0,1,4,1
724,16-10-15,2,8,33,35,37,41,14,156,"89,714","7,625",8.50%,2,0,0,3,1
725,16-10-22,6,7,19,21,41,43,38,137,"105,661","58,359",55.23%,2,1,1,0,2
726,16-10-29,1,11,21,23,34,44,24,134,"104,836","8,392",8.00%,1,1,2,1,1
727,16-11-05,7,8,10,19,21,31,20,96,"42,375","39,300",92.74%,2,2,1,1,0
728,16-11-12,3,6,10,30,34,37,36,120,"89,714","32,823",36.59%,2,1,0,3,0
729,16-11-19,11,17,21,26,36,45,16,156,"89,714","68,447",76.29%,0,2,2,1,1
730,16-11-26,4,10,14,15,18,22,39,83,"21,255","18,172",85.50%,1,4,1,0,0
731,16-12-03,2,7,13,25,42,45,39,134,"104,836","17,154",16.36%,2,1,1,0,2
732,16-12-10,2,4,5,17,27,32,43,87,"26,912","10,048",37.34%,3,1,1,1,0
733,16-12-17,11,24,32,33,35,40,13,175,"52,286","28,567",54.64%,0,1,1,3,1
734,16-12-24,6,16,37,38,41,45,18,183,"36,847","5,792",15.72%,1,1,0,2,2
735,16-12-31,5,10,13,27,37,41,4,133,"104,387","54,889",52.58%,1,2,1,1,1
736,17-01-07,2,11,17,18,21,27,6,96,"42,375","20,156",47.57%,1,3,2,0,0
737,17-01-14,13,15,18,24,27,41,11,138,"105,690","101,244",95.79%,0,3,2,0,1
738,17-01-21,23,27,28,38,42,43,36,201,"12,368","10,012",80.95%,0,0,3,1,2
739,17-01-28,7,22,29,33,34,35,30,160,"82,701","39,325",47.55%,1,0,2,3,0
740,17-02-04,4,8,9,16,17,19,31,73,"10,632","9,577",90.08%,3,3,0,0,0
741,17-02-11,5,21,27,34,44,45,16,176,"50,236","8,999",17.91%,1,0,2,1,2
742,17-02-18,8,10,13,36,37,40,6,144,"103,784","68,258",65.77%,1,2,0,2,1
743,17-02-25,15,19,21,34,41,44,10,174,"54,316","41,570",76.53%,0,2,1,1,2
744,17-03-04,10,15,18,21,34,41,43,139,"105,661","90,746",85.88%,0,3,1,1,1
745,17-03-11,1,2,3,9,12,23,10,50,"1,057",64,6.05%,4,1,1,0,0
746,17-03-18,3,12,33,36,42,45,25,171,"60,559","5,777",9.54%,1,1,0,2,2
747,17-03-25,7,9,12,14,23,28,17,93,"36,847","35,085",95.22%,2,2,2,0,0
748,17-04-01,3,10,13,22,31,32,29,111,"72,974","36,628",50.19%,1,2,1,2,0
749,17-04-08,12,14,24,26,34,45,41,155,"91,344","73,805",80.80%,0,2,2,1,1
750,17-04-15,1,2,15,19,24,36,12,97,"44,313","1,777",4.01%,2,2,1,1,0
751,17-04-22,3,4,16,20,28,44,17,115,"80,848","30,253",37.42%,2,1,2,0,1
752,17-04-29,4,16,20,33,40,43,7,156,"89,714","23,711",26.43%,1,1,1,1,2
753,17-05-06,2,17,19,24,37,41,3,140,"105,474","21,560",20.44%,1,2,1,1,1
754,17-05-13,2,8,17,24,29,31,32,111,"72,974","23,819",32.64%,2,1,2,1,0
755,17-05-20,13,14,26,28,30,36,37,147,"101,478","92,515",91.17%,0,2,2,2,0
756,17-05-27,10,14,16,18,27,28,4,113,"76,974","75,222",97.72%,0,4,2,0,0
757,17-06-03,6,7,11,17,33,44,1,118,"86,315","61,671",71.45%,2,2,0,1,1
758,17-06-10,5,9,12,30,39,43,24,138,"105,690","49,530",46.86%,2,1,0,2,1
759,17-06-17,9,33,36,40,42,43,32,203,"10,632","1,097",10.32%,1,0,0,2,3
760,17-06-24,10,22,27,31,42,43,12,175,"52,286","24,775",47.38%,0,1,2,1,2
761,17-07-01,4,7,11,24,42,45,30,133,"104,387","41,237",39.50%,2,1,1,0,2
762,17-07-08,1,3,12,21,26,41,16,104,"58,453","3,118",5.33%,2,1,2,0,1
763,17-07-15,3,8,16,32,34,43,10,136,"105,474","29,174",27.66%,2,1,0,2,1
764,17-07-22,7,22,24,31,34,36,15,154,"92,858","50,356",54.23%,1,0,2,3,0
765,17-07-29,1,3,8,12,42,43,33,109,"68,878","2,263",3.29%,3,1,0,0,2
766,17-08-05,9,30,34,35,39,41,21,188,"28,434","7,582",26.67%,1,0,0,4,1
767,17-08-12,5,15,20,31,34,42,22,147,"101,478","43,287",42.66%,1,1,1,2,1
768,17-08-19,7,27,29,30,38,44,4,175,"52,286","16,418",31.40%,1,0,2,2,1
769,17-08-26,5,7,11,16,41,45,4,125,"97,063","54,899",56.56%,2,2,0,0,2
770,17-09-02,1,9,12,23,39,43,34,127,"99,446","8,043",8.09%,2,1,1,1,1
771,17-09-09,6,10,17,18,21,29,30,101,"52,286","46,274",88.50%,1,3,2,0,0
772,17-09-16,5,6,11,14,21,41,32,98,"46,247","35,805",77.42%,2,2,1,0,1
773,17-09-23,8,12,19,21,31,35,44,126,"98,273","82,793",84.25%,1,2,1,2,0
774,17-09-30,12,15,18,28,34,42,9,149,"99,446","86,043",86.52%,0,3,1,1,1
775,17-10-07,11,12,29,33,38,42,17,165,"72,974","45,858",62.84%,0,2,1,2,1
776,17-10-14,8,9,18,21,28,40,20,124,"95,721","79,363",82.91%,2,1,2,0,1
777,17-10-21,6,12,17,21,34,37,18,127,"99,446","69,205",69.59%,1,2,1,2,0
778,17-10-28,6,21,35,36,37,41,11,176,"50,236","11,626",23.14%,1,0,1,3,1
779,17-11-04,6,12,19,24,34,41,4,136,"105,474","64,094",60.77%,1,2,1,1,1
780,17-11-11,15,17,19,21,27,45,16,144,"103,784","101,266",97.57%,0,3,2,0,1
781,17-11-18,11,16,18,19,24,39,43,127,"99,446","95,552",96.08%,0,4,1,1,0
782,17-11-25,6,18,31,34,38,45,20,172,"58,453","15,189",25.98%,1,1,0,3,1
783,17-12-02,14,15,16,17,38,45,36,145,"103,129","97,553",94.59%,0,4,0,1,1
784,17-12-09,3,10,23,24,31,39,22,130,"102,324","35,375",34.57%,1,1,2,2,0
785,17-12-16,4,6,15,25,26,33,40,109,"68,878","40,759",59.18%,2,1,2,1,0
786,17-12-23,12,15,16,20,24,30,38,117,"84,560","83,868",99.18%,0,3,2,1,0
787,17-12-30,5,6,13,16,27,28,9,95,"40,505","32,475",80.18%,2,2,2,0,0
788,18-01-06,2,10,11,19,35,39,29,116,"82,701","25,330",30.63%,1,3,0,2,0
789,18-01-13,2,6,7,12,19,45,38,91,"33,351","14,032",42.07%,3,2,0,0,1
790,18-01-20,3,8,19,27,30,41,12,128,"100,480","34,031",33.87%,2,1,1,1,1
791,18-01-27,2,10,12,31,33,42,32,130,"102,324","21,864",21.37%,1,2,0,2,1
792,18-02-03,2,7,19,25,29,36,16,118,"86,315","22,615",26.20%,2,1,2,1,0
793,18-02-10,10,15,21,35,38,43,31,162,"78,907","48,786",61.83%,0,2,1,2,1
794,18-02-17,6,7,18,19,30,38,13,118,"86,315","62,411",72.31%,2,2,0,2,0
795,18-02-24,3,10,13,26,34,38,36,124,"95,721","37,157",38.82%,1,2,1,2,0
796,18-03-03,1,21,26,36,40,41,5,165,"72,974","2,627",3.60%,1,0,2,1,2
797,18-03-10,5,22,31,32,39,45,36,174,"54,316","10,931",20.12%,1,0,1,3,1
798,18-03-17,2,10,14,22,32,36,41,116,"82,701","25,724",31.10%,1,2,1,2,0
799,18-03-24,12,17,23,34,42,45,33,173,"56,399","33,871",60.06%,0,2,1,1,2
800,18-03-31,1,4,10,12,28,45,26,100,"50,236","4,617",9.19%,2,2,1,0,1
801,18-04-07,17,25,28,37,43,44,2,194,"19,955","11,434",57.30%,0,1,2,1,2
802,18-04-14,10,11,12,18,24,42,27,117,"84,560","80,274",94.93%,0,4,1,0,1
803,18-04-21,5,9,14,26,30,43,2,127,"99,446","57,141",57.46%,2,1,1,1,1
804,18-04-28,1,10,13,26,32,36,9,118,"86,315","11,359",13.16%,1,2,1,2,0
805,18-05-05,3,12,13,18,31,32,42,109,"68,878","36,888",53.56%,1,3,0,2,0
806,18-05-12,14,20,23,31,37,38,27,163,"76,974","65,660",85.30%,0,1,2,3,0
807,18-05-19,6,10,18,25,34,35,33,128,"100,480","67,280",66.96%,1,2,1,2,0
808,18-05-26,15,21,31,32,41,43,24,183,"36,847","23,666",64.23%,0,1,1,2,2
809,18-06-02,6,11,15,17,23,40,39,112,"74,963","61,159",81.59%,1,3,1,0,1
810,18-06-09,5,10,13,21,39,43,11,131,"103,129","56,203",54.50%,1,2,1,1,1
811,18-06-16,8,11,19,21,36,45,25,140,"105,474","74,816",70.93%,1,2,1,1,1
812,18-06-23,1,3,12,14,16,43,10,89,"30,036","3,135",10.44%,2,3,0,0,1
813,18-06-30,11,30,34,35,42,44,27,196,"17,534","4,245",24.21%,0,1,0,3,2
814,18-07-07,2,21,28,38,42,45,30,176,"50,236","2,484",4.94%,1,0,2,1,2
815,18-07-14,17,21,25,26,27,36,4,152,"95,721","94,595",98.82%,0,1,4,1,0
816,18-07-21,12,18,19,29,31,39,7,148,"100,480","89,284",88.86%,0,3,1,2,0
817,18-07-28,3,9,12,13,25,43,34,105,"60,559","32,758",54.09%,2,2,1,0,1
818,18-08-04,14,15,25,28,29,30,3,141,"105,237","101,695",96.63%,0,2,3,1,0
819,18-08-11,16,25,33,38,40,45,15,197,"16,411","7,395",45.06%,0,1,1,2,2
820,18-08-18,10,21,22,30,35,42,6,160,"82,701","55,761",67.42%,0,1,2,2,1
821,18-08-25,1,12,13,24,29,44,16,123,"94,355","12,049",12.77%,1,2,2,0,1
822,18-09-01,9,18,20,24,27,36,12,134,"104,836","90,138",85.98%,1,1,3,1,0
823,18-09-08,12,18,24,26,39,40,15,159,"84,560","66,846",79.05%,0,2,2,1,1
824,18-09-15,7,9,24,29,34,38,26,141,"105,237","64,610",61.39%,2,0,2,2,0
825,18-09-22,8,15,21,31,33,38,42,146,"102,324","69,244",67.67%,1,1,1,3,0
826,18-09-29,13,16,24,25,33,36,42,147,"101,478","93,647",92.28%,0,2,2,2,0
827,18-10-06,5,11,12,29,33,44,14,134,"104,836","54,978",52.44%,1,2,1,1,1
828,18-10-13,4,7,13,29,31,39,18,123,"94,355","45,419",48.14%,2,1,1,2,0
829,18-10-20,4,5,31,35,43,45,29,163,"76,974","13,931",18.10%,2,0,0,2,2
830,18-10-27,5,6,16,18,37,38,17,120,"89,714","53,928",60.11%,2,2,0,2,0
831,18-11-03,3,10,16,19,31,39,9,118,"86,315","38,239",44.30%,1,3,0,2,0
832,18-11-10,13,14,19,26,40,43,30,155,"91,344","77,497",84.84%,0,3,1,0,2
833,18-11-17,12,18,30,39,41,42,19,182,"38,638","18,084",46.80%,0,2,0,2,2
834,18-11-24,6,8,18,35,42,43,3,152,"95,721","39,799",41.58%,2,1,0,1,2
835,18-12-01,9,10,13,28,38,45,35,143,"104,387","76,304",73.10%,1,2,1,1,1
836,18-12-08,1,9,11,14,26,28,19,89,"30,036","8,303",27.64%,2,2,2,0,0
837,18-12-15,2,25,28,30,33,45,6,163,"76,974","8,786",11.41%,1,0,2,2,1
838,18-12-22,9,14,17,33,36,38,20,147,"101,478","73,377",72.31%,1,2,0,3,0
839,18-12-29,3,9,11,12,13,19,35,67,"6,481","5,540",85.48%,2,4,0,0,0
840,19-01-05,2,4,11,28,29,43,27,117,"84,560","17,649",20.87%,2,1,2,0,1
841,19-01-12,5,11,14,30,33,38,24,131,"103,129","57,314",55.58%,1,2,0,3,0
842,19-01-19,14,26,32,36,39,42,38,189,"26,912","13,450",49.98%,0,1,1,3,1
843,19-01-26,19,21,30,33,34,42,4,179,"44,313","39,721",89.64%,0,1,1,3,1
844,19-02-02,7,8,13,15,33,45,18,121,"91,344","70,950",77.67%,2,2,0,1,1
845,19-02-09,1,16,29,33,40,45,6,164,"74,963","1,655",2.21%,1,1,1,1,2
846,19-02-16,5,18,30,41,43,45,13,182,"38,638","4,939",12.78%,1,1,0,1,3
847,19-02-23,12,16,26,28,30,42,22,154,"92,858","77,249",83.19%,0,2,2,1,1
848,19-03-02,1,2,16,22,38,39,34,118,"86,315",944,1.09%,2,1,1,2,0
849,19-03-09,5,13,17,29,34,39,3,137,"105,661","54,310",51.40%,1,2,1,2,0
850,19-03-16,16,20,24,28,36,39,5,163,"76,974","71,220",92.52%,0,1,3,2,0
851,19-03-23,14,18,22,26,31,44,40,155,"91,344","83,138",91.02%,0,2,2,1,1
852,19-03-30,11,17,28,30,33,35,9,154,"92,858","73,176",78.80%,0,2,1,3,0
853,19-04-06,2,8,23,26,27,44,13,130,"102,324","20,591",20.12%,2,0,3,0,1
854,19-04-13,20,25,31,32,36,43,3,187,"30,036","26,139",87.03%,0,0,2,3,1
855,19-04-20,8,15,17,19,43,44,7,146,"102,324","68,906",67.34%,1,3,0,0,2
856,19-04-27,10,24,40,41,43,44,17,202,"11,466","1,374",11.98%,0,1,1,0,4
857,19-05-04,6,10,16,28,34,38,43,132,"103,784","65,243",62.86%,1,2,1,2,0
858,19-05-11,9,13,32,38,39,43,23,174,"54,316","21,424",39.44%,1,1,0,3,1
859,19-05-18,8,22,35,38,39,41,24,183,"36,847","9,453",25.65%,1,0,1,3,1
860,19-05-25,4,8,18,25,27,32,42,114,"78,907","46,022",58.32%,2,1,2,1,0
861,19-06-01,11,17,19,21,22,25,24,115,"80,848","79,910",98.84%,0,3,3,0,0
862,19-06-08,10,34,38,40,42,43,32,207,"7,700",679,8.82%,0,1,0,2,3
863,19-06-15,16,21,28,35,39,43,12,182,"38,638","27,654",71.57%,0,1,2,2,1
864,19-06-22,3,7,10,13,25,36,32,94,"38,638","23,348",60.43%,2,2,1,1,0
865,19-06-29,3,15,22,32,33,45,2,150,"98,273","22,171",22.56%,1,1,1,2,1
866,19-07-06,9,15,29,34,37,39,12,163,"76,974","41,854",54.37%,1,1,1,3,0
867,19-07-13,14,17,19,22,24,40,41,136,"105,474","103,753",98.37%,0,3,2,0,1
868,19-07-20,12,17,28,41,43,44,25,185,"33,351","13,901",41.68%,0,2,1,0,3
869,19-07-27,2,6,20,27,37,39,4,131,"103,129","17,865",17.32%,2,0,2,2,0
870,19-08-03,21,25,30,32,40,42,31,190,"25,407","22,211",87.42%,0,0,2,2,2
871,19-08-10,2,6,12,26,30,34,38,110,"70,911","20,685",29.17%,2,1,1,2,0
872,19-08-17,2,4,30,32,33,43,29,144,"103,784","11,308",10.90%,2,0,0,3,1
873,19-08-24,3,5,12,13,33,39,38,105,"60,559","28,242",46.64%,2,2,0,2,0
874,19-08-31,1,15,19,23,28,42,32,128,"100,480","13,242",13.18%,1,2,2,0,1
875,19-09-07,19,22,30,34,39,44,36,188,"28,434","22,393",78.75%,0,1,1,3,1
876,19-09-14,5,16,21,26,34,42,24,144,"103,784","48,116",46.36%,1,1,2,1,1
877,19-09-21,5,17,18,22,23,43,12,128,"100,480","62,469",62.17%,1,2,2,0,1
878,19-09-28,2,6,11,16,25,31,3,91,"33,351","14,640",43.90%,2,2,1,1,0
879,19-10-05,1,4,10,14,15,35,20,79,"16,411","3,422",20.85%,2,3,0,1,0
880,19-10-12,7,17,19,23,24,45,38,135,"105,237","76,297",72.50%,1,2,2,0,1
881,19-10-19,4,18,20,26,27,32,9,127,"99,446","52,795",53.09%,1,1,3,1,0
882,19-10-26,18,34,39,43,44,45,23,223,"1,540",88,5.71%,0,1,0,2,3
883,19-11-02,9,18,32,33,37,44,22,173,"56,399","23,979",42.52%,1,1,0,3,1
884,19-11-09,4,14,23,28,37,45,17,151,"97,063","28,899",29.77%,1,1,2,1,1
885,19-11-16,1,3,24,27,39,45,31,139,"105,661",913,0.86%,2,0,2,1,1
886,19-11-23,19,23,28,37,42,45,2,194,"19,955","13,646",68.38%,0,1,2,1,2
887,19-11-30,8,14,17,27,36,45,10,147,"101,478","66,588",65.62%,1,2,1,1,1
888,19-12-07,3,7,12,31,34,38,32,125,"97,063","33,388",34.40%,2,1,0,3,0
889,19-12-14,3,13,29,38,39,42,26,164,"74,963","9,779",13.05%,1,1,1,2,1
890,19-12-21,1,4,14,18,29,37,6,103,"56,399","5,106",9.05%,2,2,1,1,0
891,19-12-28,9,13,28,31,39,41,19,161,"80,848","45,108",55.79%,1,1,1,2,1
892,20-01-04,4,9,17,18,26,42,36,116,"82,701","47,658",57.63%,2,2,1,0,1
893,20-01-11,1,15,17,23,25,41,10,122,"92,858","14,403",15.51%,1,2,2,0,1
894,20-01-18,19,32,37,40,41,43,45,212,"4,928","1,520",30.84%,0,1,0,2,3
895,20-01-25,16,26,31,38,39,41,23,191,"23,982","13,945",58.15%,0,1,1,3,1
896,20-02-01,5,12,25,26,38,45,23,151,"97,063","35,923",37.01%,1,1,2,1,1
897,20-02-08,6,7,12,22,26,36,29,109,"68,878","54,278",78.80%,2,1,2,1,0
898,20-02-15,18,21,28,35,37,42,17,181,"40,505","33,732",83.28%,0,1,2,2,1
899,20-02-22,8,19,20,21,33,39,37,140,"105,474","79,426",75.30%,1,1,2,2,0
900,20-02-29,7,13,16,18,35,38,14,127,"99,446","77,293",77.72%,1,3,0,2,0
901,20-03-07,5,18,20,23,30,34,21,130,"102,324","62,065",60.66%,1,1,2,2,0
902,20-03-14,7,19,23,24,36,39,30,148,"100,480","60,329",60.04%,1,1,2,2,0
903,20-03-21,2,15,16,21,22,28,45,104,"58,453","25,052",42.86%,1,2,3,0,0
904,20-03-28,2,6,8,26,43,45,11,130,"102,324","17,515",17.12%,3,0,1,0,2
905,20-04-04,3,4,16,27,38,40,20,128,"100,480","29,059",28.92%,2,1,1,1,1
906,20-04-11,2,5,14,28,31,32,20,112,"74,963","19,576",26.11%,2,1,1,2,0
907,20-04-18,21,27,29,38,40,44,37,199,"14,291","10,449",73.12%,0,0,3,1,2
908,20-04-25,3,16,21,22,23,44,30,129,"101,478","40,034",39.45%,1,1,3,0,1
909,20-05-02,7,24,29,30,34,35,33,159,"84,560","41,482",49.06%,1,0,2,3,0
910,20-05-09,1,11,17,27,35,39,31,130,"102,324","9,535",9.32%,1,2,1,2,0
911,20-05-16,4,5,12,14,32,42,35,109,"68,878","38,871",56.43%,2,2,0,1,1
912,20-05-23,5,8,18,21,22,38,10,112,"74,963","52,883",70.55%,2,1,2,1,0
913,20-05-30,6,14,16,21,27,37,40,121,"91,344","69,539",76.13%,1,2,2,1,0
914,20-06-06,16,19,24,33,42,44,27,178,"46,247","35,256",76.23%,0,2,1,1,2
915,20-06-13,2,6,11,13,22,37,14,91,"33,351","14,597",43.77%,2,2,1,1,0
916,20-06-20,6,21,22,32,35,36,17,152,"95,721","46,326",48.40%,1,0,2,3,0
917,20-06-27,1,3,23,24,27,43,34,121,"91,344","2,656",2.91%,2,0,3,0,1
918,20-07-04,7,11,12,31,33,38,5,132,"103,784","73,996",71.30%,1,2,0,3,0
919,20-07-11,9,14,17,18,42,44,35,144,"103,784","78,215",75.36%,1,3,0,0,2
920,20-07-18,2,3,26,33,34,43,29,141,"105,237","11,822",11.23%,2,0,1,2,1
921,20-07-25,5,7,12,22,28,41,1,115,"80,848","53,074",65.65%,2,1,2,0,1
922,20-08-01,2,6,13,17,27,43,36,108,"66,787","20,477",30.66%,2,2,1,0,1
923,20-08-08,3,17,18,23,36,41,26,138,"105,690","34,390",32.54%,1,2,1,1,1
924,20-08-15,3,11,34,42,43,44,13,177,"48,250","3,441",7.13%,1,1,0,1,3
925,20-08-22,13,24,32,34,39,42,4,184,"35,060","18,283",52.15%,0,1,1,3,1
926,20-08-29,10,16,18,20,25,31,6,120,"89,714","86,332",96.23%,0,3,2,1,0
927,20-09-05,4,15,22,38,41,43,26,163,"76,974","15,762",20.48%,1,1,1,1,2
928,20-09-12,3,4,10,20,28,44,30,109,"68,878","28,086",40.78%,2,1,2,0,1
929,20-09-19,7,9,12,15,19,23,4,85,"23,982","23,415",97.64%,2,3,1,0,0
930,20-09-26,8,21,25,38,39,44,28,175,"52,286","18,260",34.92%,1,0,2,2,1
931,20-10-03,14,15,23,25,35,43,32,155,"91,344","81,622",89.36%,0,2,2,1,1
932,20-10-10,1,6,15,36,37,38,5,133,"104,387","3,734",3.58%,2,1,0,3,0
933,20-10-17,23,27,29,31,36,45,37,191,"23,982","22,648",94.44%,0,0,3,2,1
934,20-10-24,1,3,30,33,36,39,12,142,"104,836",900,0.86%,2,0,0,4,0
935,20-10-31,4,10,20,32,38,44,18,148,"100,480","30,001",29.86%,1,1,1,2,1
936,20-11-07,7,11,13,17,18,29,43,95,"40,505","38,757",95.68%,1,4,1,0,0
937,20-11-14,2,10,13,22,29,40,26,116,"82,701","25,604",30.96%,1,2,2,0,1
938,20-11-21,4,8,10,16,31,36,9,105,"60,559","39,538",65.29%,2,2,0,2,0
939,20-11-28,4,11,28,39,42,45,6,169,"64,728","10,011",15.47%,1,1,1,1,2
940,20-12-05,3,15,20,22,24,41,11,125,"97,063","41,001",42.24%,1,1,3,0,1
941,20-12-12,12,14,25,27,39,40,35,157,"88,068","69,414",78.82%,0,2,2,1,1
942,20-12-19,10,12,18,35,42,43,39,160,"82,701","51,735",62.56%,0,3,0,1,2
943,20-12-26,1,8,13,36,44,45,39,147,"101,478","2,218",2.19%,2,1,0,1,2
944,21-01-02,2,13,16,19,32,33,42,115,"80,848","27,922",34.54%,1,3,0,2,0
945,21-01-09,9,10,15,30,33,37,26,134,"104,836","85,084",81.16%,1,2,0,3,0
946,21-01-16,9,18,19,30,34,40,20,150,"98,273","70,141",71.37%,1,2,0,2,1
947,21-01-23,3,8,17,20,27,35,26,110,"70,911","34,751",49.01%,2,1,2,1,0
948,21-01-30,13,18,30,31,38,41,5,171,"60,559","42,219",69.72%,0,2,0,3,1
949,21-02-06,14,21,35,36,40,44,30,190,"25,407","11,636",45.80%,0,1,1,2,2
950,21-02-13,3,4,15,22,28,40,10,112,"74,963","29,596",39.48%,2,1,2,0,1
951,21-02-20,2,12,30,31,39,43,38,157,"88,068","8,286",9.41%,1,1,0,3,1
952,21-02-27,4,12,22,24,33,41,38,136,"105,474","44,379",42.08%,1,1,2,1,1
953,21-03-06,7,9,22,27,37,42,34,144,"103,784","60,398",58.20%,2,0,2,1,1
954,21-03-13,1,9,26,28,30,41,32,135,"105,237","6,535",6.21%,2,0,2,1,1
955,21-03-20,4,9,23,26,29,33,8,124,"95,721","48,349",50.51%,2,0,3,1,0
956,21-03-27,10,11,20,21,25,41,40,128,"100,480","91,137",90.70%,0,2,3,0,1
957,21-04-03,4,15,24,35,36,40,1,154,"92,858","25,823",27.81%,1,1,1,2,1
958,21-04-10,2,9,10,16,35,37,1,109,"68,878","23,714",34.43%,2,2,0,2,0
959,21-04-17,1,14,15,24,40,41,35,135,"105,237","9,943",9.45%,1,2,1,0,2
960,21-04-24,2,18,24,30,32,45,14,151,"97,063","14,483",14.92%,1,1,1,2,1
961,21-05-01,11,20,29,31,33,42,43,166,"70,911","46,688",65.84%,0,1,2,2,1
962,21-05-08,1,18,28,31,34,43,40,155,"91,344","4,871",5.33%,1,1,1,2,1
963,21-05-15,6,12,19,23,34,42,35,136,"105,474","64,086",60.76%,1,2,1,1,1
964,21-05-22,6,21,36,38,39,43,30,183,"36,847","6,117",16.60%,1,0,1,3,1
965,21-05-29,2,13,25,28,29,36,34,133,"104,387","23,807",22.81%,1,1,3,1,0
966,21-06-05,1,21,25,29,34,37,36,147,"101,478","8,945",8.81%,1,0,3,2,0
967,21-06-12,1,6,13,37,38,40,9,135,"105,237","3,255",3.09%,2,1,0,2,1
968,21-06-19,2,5,12,14,24,39,33,96,"42,375","15,677",37.00%,2,2,1,1,0
969,21-06-26,3,9,10,29,40,45,7,136,"105,474","29,768",28.22%,2,1,1,0,2
970,21-07-03,9,11,16,21,28,36,5,121,"91,344","83,079",90.95%,1,2,2,1,0
971,21-07-10,2,6,17,18,21,26,7,90,"31,656","14,453",45.66%,2,2,2,0,0
972,21-07-17,3,6,17,23,37,39,26,125,"97,063","32,538",33.52%,2,1,1,2,0
973,21-07-24,22,26,31,37,41,42,24,199,"14,291","11,240",78.65%,0,0,2,2,2
974,21-07-31,1,2,11,16,39,44,32,113,"76,974",676,0.88%,2,2,0,1,1
975,21-08-07,7,8,9,17,22,24,5,87,"26,912","25,790",95.83%,3,1,2,0,0
976,21-08-14,4,12,14,25,35,37,2,127,"99,446","49,679",49.96%,1,2,1,2,0
977,21-08-21,2,9,10,14,22,44,16,101,"52,286","21,266",40.67%,2,2,1,0,1
978,21-08-28,1,7,15,32,34,42,8,131,"103,129","5,149",4.99%,2,1,0,2,1
979,21-09-04,7,11,16,21,27,33,24,115,"80,848","69,365",85.80%,1,2,2,1,0
980,21-09-11,3,13,16,23,24,35,14,114,"78,907","39,645",50.24%,1,2,2,1,0
981,21-09-18,27,36,37,41,43,45,32,229,709,236,33.29%,0,0,1,2,3
982,21-09-25,5,7,13,20,21,44,33,110,"70,911","49,748",70.16%,2,1,2,0,1
983,21-10-02,13,23,26,31,35,43,15,171,"60,559","43,623",72.03%,0,1,2,2,1
984,21-10-09,3,10,23,35,36,37,18,144,"103,784","24,791",23.89%,1,1,1,3,0
985,21-10-16,17,21,23,30,34,44,19,169,"64,728","59,208",91.47%,0,1,2,2,1
986,21-10-23,7,10,16,28,41,42,40,144,"103,784","60,864",58.64%,1,2,1,0,2
987,21-10-30,2,4,15,23,29,38,7,111,"72,974","17,998",24.66%,2,1,2,1,0
988,21-11-06,2,13,20,30,31,41,27,137,"105,661","21,191",20.06%,1,1,1,2,1
989,21-11-13,17,18,21,27,29,33,26,145,"103,129","102,381",99.27%,0,2,3,1,0
990,21-11-20,2,4,25,26,36,37,28,130,"102,324","16,338",15.97%,2,0,2,2,0
991,21-11-27,13,18,25,31,33,44,38,164,"74,963","58,913",78.59%,0,2,1,2,1
992,21-12-04,12,20,26,33,44,45,24,180,"42,375","21,480",50.69%,0,1,2,1,2
993,21-12-11,6,14,16,18,24,42,44,120,"89,714","69,020",76.93%,1,3,1,0,1
994,21-12-18,1,3,8,24,27,35,28,98,"46,247","2,779",6.01%,3,0,2,1,0
995,21-12-25,1,4,13,29,38,39,7,124,"95,721","2,930",3.06%,2,1,1,2,0
996,22-01-01,6,11,15,24,32,39,28,127,"99,446","68,204",68.58%,1,2,1,2,0
997,22-01-08,4,7,14,16,24,44,20,109,"68,878","41,863",60.78%,2,2,1,0,1
998,22-01-15,13,17,18,20,42,45,41,155,"91,344","79,135",86.63%,0,3,1,0,2
999,22-01-22,1,3,9,14,18,28,34,73,"10,632","1,941",18.26%,3,2,1,0,0
1000,22-01-29,2,8,19,22,32,42,39,125,"97,063","22,237",22.91%,2,1,1,1,1
1001,22-02-05,6,10,12,14,20,42,15,104,"58,453","50,303",86.06%,1,3,1,0,1
1002,22-02-12,17,25,33,35,38,45,15,193,"21,255","12,698",59.74%,0,1,1,3,1
1003,22-02-19,1,4,29,39,43,45,31,161,"80,848",149,0.18%,2,0,1,1,2
1004,22-02-26,7,15,30,37,39,44,18,172,"58,453","17,933",30.68%,1,1,0,3,1
1005,22-03-05,8,13,18,24,27,29,17,119,"88,068","78,838",89.52%,1,2,3,0,0
1006,22-03-12,8,11,15,16,17,37,36,104,"58,453","55,768",95.41%,1,4,0,1,0
1007,22-03-19,8,11,16,19,21,25,40,100,"50,236","48,607",96.76%,1,3,2,0,0
1008,22-03-26,9,11,30,31,41,44,33,166,"70,911","34,555",48.73%,1,1,0,2,2
1009,22-04-02,15,23,29,34,40,44,20,185,"33,351","20,573",61.69%,0,1,2,1,2
1010,22-04-09,9,12,15,25,34,36,3,131,"103,129","87,879",85.21%,1,2,1,2,0
1011,22-04-16,1,9,12,26,35,38,42,121,"91,344","9,588",10.50%,2,1,1,2,0
1012,22-04-23,5,11,18,20,35,45,3,134,"104,836","55,417",52.86%,1,2,1,1,1
1013,22-04-30,21,22,26,34,36,41,32,180,"42,375","40,127",94.69%,0,0,3,2,1
1014,22-05-07,3,11,14,18,26,27,21,99,"48,250","29,747",61.65%,1,3,2,0,0
1015,22-05-14,14,23,31,33,37,40,44,178,"46,247","31,348",67.78%,0,1,1,3,1
1016,22-05-21,15,26,28,34,41,42,44,186,"31,656","19,422",61.35%,0,1,2,1,2
1017,22-05-28,12,18,22,23,30,34,32,139,"105,661","99,618",94.28%,0,2,2,2,0
1018,22-06-04,3,19,21,25,37,45,35,150,"98,273","24,007",24.43%,1,1,2,1,1
1019,22-06-11,1,4,13,17,34,39,6,108,"66,787","4,684",7.01%,2,2,0,2,0
1020,22-06-18,12,27,29,38,41,45,6,192,"22,581","7,615",33.72%,0,1,2,1,2
1021,22-06-25,12,15,17,24,29,45,16,142,"104,836","95,776",91.36%,0,3,2,0,1
1022,22-07-02,5,6,11,29,42,45,28,138,"105,690","46,814",44.29%,2,1,1,0,2
1023,22-07-09,10,14,16,18,29,35,25,122,"92,858","88,236",95.02%,0,4,1,1,0
1024,22-07-16,9,18,20,22,38,44,10,151,"97,063","68,209",70.27%,1,1,2,1,1
1025,22-07-23,8,9,20,25,29,33,7,124,"95,721","79,515",83.07%,2,0,3,1,0
1026,22-07-30,5,12,13,31,32,41,34,134,"104,836","55,940",53.36%,1,2,0,2,1
1027,22-08-06,14,16,27,35,39,45,5,176,"50,236","33,600",66.88%,0,2,1,2,1
1028,22-08-13,5,7,12,13,18,35,23,90,"31,656","27,060",85.48%,2,3,0,1,0
1029,22-08-20,12,30,32,37,39,41,24,191,"23,982","8,799",36.69%,0,1,0,4,1
1030,22-08-27,2,5,11,17,24,29,9,88,"28,434","12,388",43.57%,2,2,2,0,0
1031,22-09-03,6,7,22,32,35,36,19,138,"105,690","57,638",54.53%,2,0,1,3,0
1032,22-09-10,1,6,12,19,36,42,28,116,"82,701","6,728",8.14%,2,2,0,1,1
1033,22-09-17,3,11,15,20,35,44,10,128,"100,480","36,758",36.58%,1,2,1,1,1
1034,22-09-24,26,31,32,33,38,40,11,200,"13,294","12,905",97.07%,0,0,1,4,1
1035,22-10-01,9,14,34,35,41,42,2,175,"52,286","20,119",38.48%,1,1,0,2,2
1036,22-10-08,2,5,22,32,34,45,39,140,"105,474","13,302",12.61%,2,0,1,2,1
1037,22-10-15,2,14,15,22,27,33,31,113,"76,974","27,972",36.34%,1,2,2,1,0
1038,22-10-22,7,16,24,27,37,44,2,155,"91,344","46,219",50.60%,1,1,2,1,1
1039,22-10-29,2,3,6,19,36,39,26,105,"60,559","14,232",23.50%,3,1,0,2,0
1040,22-11-05,8,16,26,29,31,36,11,146,"102,324","70,033",68.44%,1,1,2,2,0
1041,22-11-12,6,7,9,11,17,18,45,68,"7,062","6,945",98.34%,3,3,0,0,0
1042,22-11-19,5,14,15,23,34,43,4,134,"104,836","57,555",54.90%,1,2,1,1,1
1043,22-11-26,3,5,12,22,26,31,19,99,"48,250","25,012",51.84%,2,1,2,1,0
1044,22-12-03,12,17,20,26,28,36,4,139,"105,661","99,329",94.01%,0,2,3,1,0
1045,22-12-10,6,14,15,19,21,41,37,116,"82,701","66,207",80.06%,1,3,1,0,1
1046,22-12-17,7,16,25,29,35,36,28,148,"100,480","59,114",58.83%,1,1,2,2,0
1047,22-12-24,2,20,33,40,42,44,32,181,"40,505","1,378",3.40%,1,0,1,1,3
1048,22-12-31,6,12,17,21,32,39,30,127,"99,446","69,203",69.59%,1,2,1,2,0
1049,23-01-07,3,5,13,20,21,37,17,99,"48,250","25,098",52.02%,2,1,2,1,0
1050,23-01-14,6,12,31,35,38,43,17,165,"72,974","22,539",30.89%,1,1,0,3,1
1051,23-01-21,21,26,30,32,33,35,44,177,"48,250","47,156",97.73%,0,0,2,4,0
1052,23-01-28,5,17,26,27,35,38,1,148,"100,480","43,224",43.02%,1,1,2,2,0
1053,23-02-04,22,26,29,30,34,45,15,186,"31,656","30,124",95.16%,0,0,3,2,1
1054,23-02-11,14,19,27,28,30,45,33,163,"76,974","65,439",85.01%,0,2,2,1,1
1055,23-02-18,4,7,12,14,22,33,31,92,"35,060","26,446",75.43%,2,2,1,1,0
1056,23-02-25,13,20,24,32,36,45,29,170,"62,621","45,048",71.94%,0,1,2,2,1
1057,23-03-04,8,13,19,27,40,45,12,152,"95,721","56,842",59.38%,1,2,1,0,2
1058,23-03-11,11,23,25,30,32,40,42,161,"80,848","59,051",73.04%,0,1,2,2,1
1059,23-03-18,7,10,22,25,34,40,27,138,"105,690","68,917",65.21%,1,1,2,1,1
1060,23-03-25,3,10,24,33,38,45,36,153,"94,355","17,004",18.02%,1,1,1,2,1
1061,23-04-01,4,24,27,35,37,45,15,172,"58,453","10,003",17.11%,1,0,2,2,1
1062,23-04-08,20,31,32,40,41,45,12,209,"6,481","2,837",43.77%,0,0,1,2,3
1063,23-04-15,3,6,22,23,24,38,30,116,"82,701","33,774",40.84%,2,0,3,1,0
1064,23-04-22,3,6,9,18,22,35,14,93,"36,847","21,698",58.89%,3,1,1,1,0
1065,23-04-29,3,18,19,23,32,45,24,140,"105,474","33,150",31.43%,1,2,1,1,1
1066,23-05-06,6,11,16,19,21,32,45,105,"60,559","52,456",86.62%,1,3,1,1,0
1067,23-05-13,7,10,19,23,28,33,18,120,"89,714","73,074",81.45%,1,2,2,1,0
1068,23-05-20,4,7,19,26,33,35,3,124,"95,721","45,785",47.83%,2,1,1,2,0
1069,23-05-27,1,10,18,22,28,31,44,110,"70,911","12,555",17.71%,1,2,2,1,0
1070,23-06-03,3,6,14,22,30,41,36,116,"82,701","33,211",40.16%,2,1,1,1,1
1071,23-06-10,1,2,11,21,30,35,39,100,"50,236","1,284",2.56%,2,1,1,2,0
1072,23-06-17,16,18,20,23,32,43,27,152,"95,721","92,723",96.87%,0,2,2,1,1
1073,23-06-24,6,18,28,30,32,38,15,152,"95,721","45,523",47.56%,1,1,1,3,0
1074,23-07-01,1,6,20,27,28,41,15,123,"94,355","6,226",6.60%,2,0,3,0,1
1075,23-07-08,1,23,24,35,44,45,10,172,"58,453","1,441",2.47%,1,0,2,1,2
1076,23-07-15,3,7,9,33,36,37,10,125,"97,063","33,152",34.16%,3,0,0,3,0
1077,23-07-22,4,8,17,30,40,43,34,142,"104,836","34,938",33.33%,2,1,0,1,2
1078,23-07-29,6,10,11,14,36,38,43,115,"80,848","62,840",77.73%,1,3,0,2,0
1079,23-08-05,4,8,18,24,37,45,6,136,"105,474","40,447",38.35%,2,1,1,1,1
1080,23-08-12,13,16,23,31,36,44,38,163,"76,974","60,350",78.40%,0,2,1,2,1
1081,23-08-19,1,9,16,23,24,38,17,111,"72,974","11,515",15.78%,2,1,2,1,0
1082,23-08-26,21,26,27,32,34,42,31,182,"38,638","36,798",95.24%,0,0,3,2,1
1083,23-09-02,3,7,14,15,22,38,17,99,"48,250","27,403",56.79%,2,2,1,1,0
1084,23-09-09,8,12,13,29,33,42,5,137,"105,661","78,485",74.28%,1,2,1,1,1
1085,23-09-16,4,7,17,18,38,44,36,128,"100,480","44,301",44.09%,2,2,0,1,1
1086,23-09-23,11,16,25,27,35,36,37,150,"98,273","80,756",82.18%,0,2,2,2,0
1087,23-09-30,13,14,18,21,34,44,16,144,"103,784","95,974",92.47%,0,3,1,1,1
1088,23-10-07,11,21,22,30,39,44,31,167,"68,878","44,447",64.53%,0,1,2,2,1
1089,23-10-14,4,18,31,37,42,43,40,175,"52,286","6,907",13.21%,1,1,0,2,2
1090,23-10-21,12,19,21,29,40,45,1,166,"70,911","50,275",70.90%,0,2,2,0,2
1091,23-10-28,6,20,23,24,28,30,44,131,"103,129","71,061",68.90%,1,0,4,1,0
1092,23-11-04,7,18,19,26,33,45,37,148,"100,480","59,718",59.43%,1,2,1,1,1
1093,23-11-11,10,17,22,30,35,43,44,157,"88,068","61,027",69.30%,0,2,1,2,1
1094,23-11-18,6,7,15,22,26,40,41,116,"82,701","60,962",73.71%,2,1,2,0,1
1095,23-11-25,8,14,28,29,34,40,12,153,"94,355","55,921",59.27%,1,1,2,1,1
1096,23-12-02,1,12,16,19,23,43,34,114,"78,907","13,651",17.30%,1,3,1,0,1
1097,23-12-09,14,33,34,35,37,40,4,193,"21,255","9,438",44.40%,0,1,0,4,1
1098,23-12-16,12,16,21,24,41,43,15,157,"88,068","70,343",79.87%,0,2,2,0,2
1099,23-12-23,3,20,28,38,40,43,4,172,"58,453","6,301",10.78%,1,0,2,1,2
1100,23-12-30,17,26,29,30,31,43,12,176,"50,236","43,702",86.99%,0,1,2,2,1
1101,24-01-06,6,7,13,28,36,42,41,132,"103,784","61,742",59.49%,2,1,1,1,1
1102,24-01-13,13,14,22,26,37,38,20,150,"98,273","87,480",89.02%,0,2,2,2,0
1103,24-01-20,10,12,29,31,40,44,2,166,"70,911","39,300",55.42%,0,2,1,1,2
1104,24-01-27,1,7,21,30,35,38,2,132,"103,784","5,299",5.11%,2,0,1,3,0
1105,24-02-03,6,16,34,37,39,40,11,172,"58,453","14,852",25.41%,1,1,0,3,1
1106,24-02-10,1,3,4,29,42,45,36,124,"95,721","1,230",1.28%,3,0,1,0,2
1107,24-02-17,6,14,30,31,40,41,29,162,"78,907","27,351",34.66%,1,1,0,2,2
1108,24-02-24,7,19,26,37,39,44,27,172,"58,453","18,693",31.98%,1,1,1,2,1
1109,24-03-02,10,12,13,19,33,40,2,127,"99,446","90,884",91.39%,0,4,0,1,1
1110,24-03-09,3,7,11,20,22,41,24,104,"58,453","30,270",51.79%,2,1,2,0,1
1111,24-03-16,3,13,30,33,43,45,4,167,"68,878","7,928",11.51%,1,1,0,2,2
1112,24-03-23,16,20,26,36,42,44,24,184,"35,060","23,673",67.52%,0,1,2,1,2
1113,24-03-30,11,13,20,21,32,44,8,141,"105,237","92,077",87.49%,0,2,2,1,1
1114,24-04-06,10,16,19,32,33,38,3,148,"100,480","78,937",78.56%,0,3,0,3,0
1115,24-04-13,7,12,23,32,34,36,8,144,"103,784","62,893",60.60%,1,1,1,3,0
1116,24-04-20,15,16,17,25,30,31,32,134,"104,836","103,860",99.07%,0,3,1,2,0
1117,24-04-27,3,4,9,30,33,36,7,115,"80,848","29,553",36.55%,3,0,0,3,0
1118,24-05-04,11,13,14,15,16,45,3,114,"78,907","77,557",98.29%,0,5,0,0,1
1119,24-05-11,1,9,12,13,20,45,3,100,"50,236","10,587",21.07%,2,2,1,0,1
1120,24-05-18,2,19,26,31,38,41,34,157,"88,068","10,848",12.32%,1,1,1,2,1
1121,24-05-25,6,24,31,32,38,44,8,175,"52,286","13,155",25.16%,1,0,1,3,1
1122,24-06-01,3,6,21,30,34,35,22,129,"101,478","31,440",30.98%,2,0,1,3,0
1123,24-06-08,13,19,21,24,34,35,26,146,"102,324","95,921",93.74%,0,2,2,2,0
1124,24-06-15,3,8,17,30,33,34,28,125,"97,063","35,058",36.12%,2,1,0,3,0
1125,24-06-22,6,14,25,33,40,44,30,162,"78,907","27,210",34.48%,1,1,1,1,2
1126,24-06-29,4,5,9,11,37,40,7,106,"62,621","36,472",58.24%,3,1,0,1,1
1127,24-07-06,10,15,24,30,31,37,32,147,"101,478","80,423",79.25%,0,2,1,3,0
1128,24-07-13,1,5,8,16,28,33,45,91,"33,351","5,453",16.35%,3,1,1,1,0
1129,24-07-20,5,10,11,17,28,34,22,105,"60,559","47,181",77.91%,1,3,1,1,0
1130,24-07-27,15,19,21,25,27,28,40,135,"105,237","104,664",99.46%,0,2,4,0,0
1131,24-08-03,1,2,6,14,27,38,33,88,"28,434",663,2.33%,3,1,1,1,0
1132,24-08-10,6,7,19,28,34,41,5,135,"105,237","60,141",57.15%,2,1,1,1,1
1133,24-08-17,13,14,20,28,29,34,23,138,"105,690","100,880",95.45%,0,2,3,1,0
1134,24-08-24,3,7,9,13,19,24,23,75,"12,368","9,569",77.37%,3,2,1,0,0
1135,24-08-31,1,6,13,19,21,33,4,93,"36,847","7,348",19.94%,2,2,1,1,0
1136,24-09-07,21,33,35,38,42,44,1,213,"4,490","1,826",40.67%,0,0,1,3,2
1137,24-09-14,4,9,12,15,33,45,26,118,"86,315","47,569",55.11%,2,2,0,1,1
1138,24-09-21,14,16,19,20,29,34,35,132,"103,784","102,585",98.84%,0,3,2,1,0
1139,24-09-28,5,12,15,30,37,40,18,139,"105,661","51,225",48.48%,1,2,0,2,1
1140,24-10-05,7,10,22,29,31,38,15,137,"105,661","69,988",66.24%,1,1,2,2,0
1141,24-10-12,7,11,12,21,26,35,20,112,"74,963","65,453",87.31%,1,2,2,1,0
1142,24-10-19,2,8,28,30,37,41,22,146,"102,324","12,434",12.15%,2,0,1,2,1
1143,24-10-26,10,16,17,27,28,36,6,134,"104,836","94,129",89.79%,0,3,2,1,0
1144,24-11-02,3,4,12,15,26,34,6,94,"38,638","20,372",52.73%,2,2,1,1,0
1145,24-11-09,2,11,31,33,37,44,32,158,"86,315","7,505",8.69%,1,1,0,3,1
1146,24-11-16,6,11,17,19,40,43,28,136,"105,474","63,030",59.76%,1,3,0,0,2
1147,24-11-23,7,11,24,26,27,37,32,132,"103,784","74,840",72.11%,1,1,3,1,0
1148,24-11-30,3,6,13,15,16,22,32,75,"12,368","9,447",76.38%,2,3,1,0,0
1149,24-12-07,8,15,19,21,32,36,38,131,"103,129","84,538",81.97%,1,2,1,2,0
1150,24-12-14,8,9,18,35,39,45,25,154,"92,858","50,799",54.71%,2,1,0,2,1
1151,24-12-21,2,3,9,15,27,29,8,85,"23,982","8,703",36.29%,3,1,2,0,0
1152,24-12-28,30,31,32,35,36,37,5,201,"12,368","12,364",99.97%,0,0,0,6,0
1153,25-01-04,1,9,10,13,35,44,5,112,"74,963","10,660",14.22%,2,2,0,1,1
1154,25-01-11,4,8,22,26,32,38,27,130,"102,324","44,896",43.88%,2,0,2,2,0
1155,25-01-18,10,16,19,27,37,38,13,147,"101,478","80,691",79.52%,0,3,1,2,0
1156,25-01-25,30,31,34,39,41,45,7,220,"2,172","1,896",87.29%,0,0,0,4,2
1157,25-02-01,5,7,12,20,25,26,28,95,"40,505","33,251",82.09%,2,1,3,0,0
1158,25-02-08,21,25,27,32,37,38,20,180,"42,375","40,746",96.16%,0,0,3,3,0
1159,25-02-15,3,9,27,28,38,39,7,144,"103,784","24,240",23.36%,2,0,2,2,0
1160,25-02-22,7,13,18,36,39,45,19,158,"86,315","39,050",45.24%,1,2,0,2,1
1161,25-03-01,2,12,20,24,34,42,37,134,"104,836","22,181",21.16%,1,1,2,1,1
1162,25-03-08,20,21,22,25,28,29,6,145,"103,129","103,107",99.98%,0,0,6,0,0
1163,25-03-15,2,13,15,16,33,43,4,122,"92,858","27,358",29.46%,1,3,0,1,1
1164,25-03-22,17,18,23,25,38,39,22,160,"82,701","78,968",95.49%,0,2,2,2,0
1165,25-03-29,6,7,27,29,38,45,17,152,"95,721","39,583",41.35%,2,0,2,1,1
1166,25-04-05,14,23,25,27,29,42,16,160,"82,701","73,484",88.86%,0,1,4,0,1
1167,25-04-12,8,23,31,35,39,40,24,176,"50,236","17,451",34.74%,1,0,1,3,1
1168,25-04-19,9,21,24,30,33,37,29,154,"92,858","63,316",68.19%,1,0,2,3,0
1169,25-04-26,5,12,24,26,39,42,20,148,"100,480","40,125",39.93%,1,1,2,1,1
1170,25-05-03,3,13,28,34,38,42,25,158,"86,315","14,187",16.44%,1,1,1,2,1
1171,25-05-10,3,6,7,11,12,17,19,56,"2,172","1,970",90.70%,3,3,0,0,0
1172,25-05-17,7,9,24,40,42,44,45,166,"70,911","25,016",35.28%,2,0,1,0,3
1173,25-05-24,1,5,18,20,30,35,3,109,"68,878","6,710",9.74%,2,1,1,2,0
1174,25-05-31,8,11,14,17,36,39,22,125,"97,063","81,264",83.72%,1,3,0,2,0
1175,25-06-07,3,4,6,8,32,42,31,95,"40,505","20,069",49.55%,4,0,0,1,1
1176,25-06-14,7,9,11,21,30,35,29,113,"76,974","65,136",84.62%,2,1,1,2,0
1177,25-06-21,3,7,15,16,19,43,21,103,"56,399","30,073",53.32%,2,3,0,0,1
1178,25-06-28,5,6,11,27,43,44,17,136,"105,474","48,486",45.97%,2,1,1,0,2
1179,25-07-05,3,16,18,24,40,44,21,145,"103,129","27,440",26.61%,1,2,1,0,2
1180,25-07-12,6,12,18,37,40,41,3,154,"92,858","38,693",41.67%,1,2,0,1,2
1181,25-07-19,8,10,14,20,33,41,28,126,"98,273","80,644",82.06%,1,2,1,1,1
1182,25-07-26,1,13,21,25,28,31,22,119,"88,068","14,110",16.02%,1,1,3,1,0
1183,25-08-02,4,15,17,23,27,36,31,122,"92,858","52,570",56.61%,1,2,2,1,0
1184,25-08-09,14,16,23,25,31,37,42,146,"102,324","97,407",95.19%,0,2,2,2,0
1185,25-08-16,6,17,22,28,29,32,38,134,"104,836","68,935",65.76%,1,1,3,1,0
1186,25-08-23,2,8,13,16,23,28,35,90,"31,656","15,621",49.35%,2,2,2,0,0
1187,25-08-30,5,13,26,29,37,40,42,150,"98,273","38,005",38.67%,1,1,2,1,1
1188,25-09-06,3,4,12,19,22,27,9,87,"26,912","15,807",58.74%,2,2,2,0,0
1189,25-09-13,9,19,29,35,37,38,31,167,"68,878","35,221",51.14%,1,1,1,3,0
1190,25-09-20,7,9,19,23,26,45,33,129,"101,478","73,765",72.69%,2,1,2,0,1
1191,25-09-27,1,4,11,12,20,41,2,89,"30,036","4,413",14.69%,2,2,1,0,1
1192,25-10-04,10,16,23,36,39,40,11,164,"74,963","44,867",59.85%,0,2,1,2,1
1193,25-10-11,6,9,16,19,24,28,17,102,"54,316","47,260",87.01%,2,2,2,0,0
1194,25-10-18,3,13,15,24,33,37,2,125,"97,063","39,574",40.77%,1,2,1,2,0
1195,25-10-25,3,15,27,33,34,36,37,148,"100,480","24,385",24.27%,1,1,1,3,0
1196,25-11-01,8,12,15,29,40,45,14,149,"99,446","61,610",61.95%,1,2,1,0,2
1197,25-11-08,1,5,7,26,28,43,30,110,"70,911","5,428",7.65%,3,0,2,0,1
1198,25-11-15,26,30,33,38,39,41,21,207,"7,700","6,901",89.62%,0,0,1,4,1
1199,25-11-22,16,24,25,30,31,32,7,158,"86,315","82,845",95.98%,0,1,2,3,0
1200,25-11-29,1,2,4,16,20,32,45,75,"12,368",370,2.99%,3,1,1,1,0
1201,25-12-06,7,9,24,27,35,36,37,138,"105,690","68,074",64.41%,2,0,2,2,0
1202,25-12-13,5,12,21,33,37,40,7,148,"100,480","40,007",39.82%,1,1,1,2,1
1203,25-12-20,3,6,18,29,35,39,24,130,"102,324","30,762",30.06%,2,1,1,2,0
1204,25-12-27,8,16,28,30,31,44,27,157,"88,068","48,990",55.63%,1,1,1,2,1
